242.613,0.39219167828559875,0.5786657333374023,0.3628239929676056,0.015788037329912186,0.005314861889928579,1.0013710260391235
242.623,0.39219167828559875,0.5786657333374023,0.3628239929676056,0.010661814361810684,-0.01031064335256815,0.990626335144043
242.633,0.39219167828559875,0.5786657333374023,0.3628239929676056,0.009197702631354332,0.002384160179644823,1.003319263458252
242.643,0.39219167828559875,0.5786657333374023,0.3628239929676056,0.00919843278825283,0.0038485091645270586,1.0042933225631714
242.653,0.39219167828559875,0.5786657333374023,0.3628239929676056,4.6208446292439476e-05,-6.353661592584103e-05,0.00777457095682621
242.663,0.39219167828559875,0.5786657333374023,0.3628239929676056,4.6208446292439476e-05,-6.353661592584103e-05,0.00777457095682621
242.673,0.39219167828559875,0.5786657333374023,0.3628239929676056,4.6208446292439476e-05,-6.353661592584103e-05,0.00777457095682621
242.683,0.39219167828559875,0.5786657333374023,0.3628239929676056,4.6208446292439476e-05,-6.353661592584103e-05,0.00777457095682621
242.693,0.39219167828559875,0.5786657333374023,0.3628239929676056,4.6208446292439476e-05,-6.353661592584103e-05,0.00777457095682621
242.703,0.39219167828559875,0.5786657333374023,0.3628239929676056,4.6208446292439476e-05,-6.353661592584103e-05,0.00777457095682621
242.713,0.39219167828559875,0.5786657333374023,0.3628239929676056,4.6208446292439476e-05,-6.353661592584103e-05,0.00777457095682621
242.723,0.39219167828559875,0.5786657333374023,0.3628239929676056,4.6208446292439476e-05,-6.353661592584103e-05,0.00777457095682621
242.733,0.39219167828559875,0.5786657333374023,0.3628239929676056,4.6208446292439476e-05,-6.353661592584103e-05,0.00777457095682621
242.743,0.39219167828559875,0.5786657333374023,0.3628239929676056,4.6208446292439476e-05,-6.353661592584103e-05,0.00777457095682621
242.753,0.39219167828559875,0.5786657333374023,0.3628239929676056,4.6208446292439476e-05,-6.353661592584103e-05,0.00777457095682621
242.763,0.39219167828559875,0.5786657333374023,0.3628239929676056,4.6208446292439476e-05,-6.353661592584103e-05,0.00777457095682621
242.773,0.39219167828559875,0.5786657333374023,0.3628239929676056,4.6208446292439476e-05,-6.353661592584103e-05,0.00777457095682621
242.783,0.39219167828559875,0.5786657333374023,0.3628239929676056,4.6208446292439476e-05,-6.353661592584103e-05,0.00777457095682621
242.793,0.39219167828559875,0.5786657333374023,0.3628239929676056,4.6208446292439476e-05,-6.353661592584103e-05,0.00777457095682621
242.803,0.39219167828559875,0.5786657333374023,0.3628239929676056,4.6208446292439476e-05,-6.353661592584103e-05,0.00777457095682621
242.813,0.39219167828559875,0.5786657333374023,0.3628239929676056,4.6208446292439476e-05,-6.353661592584103e-05,0.00777457095682621
242.823,0.39219167828559875,0.5786657333374023,0.3628239929676056,4.6208446292439476e-05,-6.353661592584103e-05,0.00777457095682621
242.833,0.39219167828559875,0.5786657333374023,0.3628239929676056,4.6208446292439476e-05,-6.353661592584103e-05,0.00777457095682621
242.843,0.39219167828559875,0.5786657333374023,0.3628239929676056,4.6208446292439476e-05,-6.353661592584103e-05,0.00777457095682621
242.853,0.39219167828559875,0.5786657333374023,0.3628239929676056,4.6208446292439476e-05,-6.353661592584103e-05,0.00777457095682621
242.863,0.39219167828559875,0.5786657333374023,0.3628239929676056,4.6208446292439476e-05,-6.353661592584103e-05,0.00777457095682621
242.873,0.39219167828559875,0.5786657333374023,0.3628239929676056,4.6208446292439476e-05,-6.353661592584103e-05,0.00777457095682621
242.883,0.39219167828559875,0.5786657333374023,0.3628239929676056,4.6208446292439476e-05,-6.353661592584103e-05,0.00777457095682621
242.893,0.39219167828559875,0.5786657333374023,0.3628239929676056,4.6208446292439476e-05,-6.353661592584103e-05,0.00777457095682621
242.903,0.39219167828559875,0.5786657333374023,0.3628239929676056,4.6208446292439476e-05,-6.353661592584103e-05,0.00777457095682621
242.913,0.39219167828559875,0.5786657333374023,0.3628239929676056,4.6208446292439476e-05,-6.353661592584103e-05,0.00777457095682621
242.923,0.39219167828559875,0.5786657333374023,0.3628239929676056,4.6208446292439476e-05,-6.353661592584103e-05,0.00777457095682621
242.933,0.39219167828559875,0.5786657333374023,0.3628239929676056,4.6208446292439476e-05,-6.353661592584103e-05,0.00777457095682621
242.943,0.39219167828559875,0.5786657333374023,0.3628239929676056,4.6208446292439476e-05,-6.353661592584103e-05,0.00777457095682621
242.953,0.39219167828559875,0.5786657333374023,0.3628239929676056,4.6208446292439476e-05,-6.353661592584103e-05,0.00777457095682621
242.963,0.39219167828559875,0.5786657333374023,0.3628239929676056,4.6208446292439476e-05,-6.353661592584103e-05,0.00777457095682621
242.973,0.39219167828559875,0.5786657333374023,0.3628239929676056,4.6208446292439476e-05,-6.353661592584103e-05,0.00777457095682621
242.983,0.39219167828559875,0.5786657333374023,0.3628239929676056,4.6208446292439476e-05,-6.353661592584103e-05,0.00777457095682621
242.993,0.39219167828559875,0.5786657333374023,0.3628239929676056,4.6208446292439476e-05,-6.353661592584103e-05,0.00777457095682621
243.003,0.39219167828559875,0.5786657333374023,0.3628239929676056,4.6208446292439476e-05,-6.353661592584103e-05,0.00777457095682621
243.013,0.39219167828559875,0.5786657333374023,0.3628239929676056,4.6208446292439476e-05,-6.353661592584103e-05,0.00777457095682621
243.023,0.39219167828559875,0.5786657333374023,0.3628239929676056,4.6208446292439476e-05,-6.353661592584103e-05,0.00777457095682621
243.033,0.39219167828559875,0.5786657333374023,0.3628239929676056,4.6208446292439476e-05,-6.353661592584103e-05,0.00777457095682621
243.043,0.39219167828559875,0.5786657333374023,0.3628239929676056,4.6208446292439476e-05,-6.353661592584103e-05,0.00777457095682621
243.053,0.39219167828559875,0.5786657333374023,0.3628239929676056,4.6208446292439476e-05,-6.353661592584103e-05,0.00777457095682621
243.063,0.39219167828559875,0.5786657333374023,0.3628239929676056,4.6208446292439476e-05,-6.353661592584103e-05,0.00777457095682621
243.073,0.39219167828559875,0.5786657333374023,0.3628239929676056,4.6208446292439476e-05,-6.353661592584103e-05,0.00777457095682621
243.083,0.39219167828559875,0.5786657333374023,0.3628239929676056,4.6208446292439476e-05,-6.353661592584103e-05,0.00777457095682621
243.093,0.39219167828559875,0.5786657333374023,0.3628239929676056,4.6208446292439476e-05,-6.353661592584103e-05,0.00777457095682621
243.103,0.39219167828559875,0.5786657333374023,0.3628239929676056,4.6208446292439476e-05,-6.353661592584103e-05,0.00777457095682621
243.113,0.39219167828559875,0.5786657333374023,0.3628239929676056,4.6208446292439476e-05,-6.353661592584103e-05,0.00777457095682621
243.123,0.39219167828559875,0.5786657333374023,0.3628239929676056,4.6208446292439476e-05,-6.353661592584103e-05,0.00777457095682621
243.133,0.39219167828559875,0.5786657333374023,0.3628239929676056,4.6208446292439476e-05,-6.353661592584103e-05,0.00777457095682621
243.143,0.39219167828559875,0.5786657333374023,0.3628239929676056,4.6208446292439476e-05,-6.353661592584103e-05,0.00777457095682621
243.153,0.39219167828559875,0.5786657333374023,0.3628239929676056,4.6208446292439476e-05,-6.353661592584103e-05,0.00777457095682621
243.163,0.39219167828559875,0.5786657333374023,0.3628239929676056,4.6208446292439476e-05,-6.353661592584103e-05,0.00777457095682621
243.173,0.39219167828559875,0.5786657333374023,0.3628239929676056,4.6208446292439476e-05,-6.353661592584103e-05,0.00777457095682621
243.183,0.39219167828559875,0.5786657333374023,0.3628239929676056,4.6208446292439476e-05,-6.353661592584103e-05,0.00777457095682621
243.193,0.39219167828559875,0.5786657333374023,0.3628239929676056,4.6208446292439476e-05,-6.353661592584103e-05,0.00777457095682621
243.203,0.39219167828559875,0.5786657333374023,0.3628239929676056,4.6208446292439476e-05,-6.353661592584103e-05,0.00777457095682621
243.213,0.39219167828559875,0.5786657333374023,0.3628239929676056,4.6208446292439476e-05,-6.353661592584103e-05,0.00777457095682621
243.223,0.39219167828559875,0.5786657333374023,0.3628239929676056,4.6208446292439476e-05,-6.353661592584103e-05,0.00777457095682621
243.233,0.39219167828559875,0.5786657333374023,0.3628239929676056,4.6208446292439476e-05,-6.353661592584103e-05,0.00777457095682621
243.243,0.39219167828559875,0.5786657333374023,0.3628239929676056,4.6208446292439476e-05,-6.353661592584103e-05,0.00777457095682621
243.253,0.39219167828559875,0.5786657333374023,0.3628239929676056,4.6208446292439476e-05,-6.353661592584103e-05,0.00777457095682621
243.263,0.39219167828559875,0.5786657333374023,0.3628239929676056,4.6208446292439476e-05,-6.353661592584103e-05,0.00777457095682621
243.273,0.39219167828559875,0.5786657333374023,0.3628239929676056,4.6208446292439476e-05,-6.353661592584103e-05,0.00777457095682621
243.283,0.39219167828559875,0.5786657333374023,0.3628239929676056,4.6208446292439476e-05,-6.353661592584103e-05,0.00777457095682621
243.293,0.39219167828559875,0.5786657333374023,0.3628239929676056,4.6208446292439476e-05,-6.353661592584103e-05,0.00777457095682621
243.303,0.39219167828559875,0.5786657333374023,0.3628239929676056,4.6208446292439476e-05,-6.353661592584103e-05,0.00777457095682621
243.313,0.39219167828559875,0.5786657333374023,0.3628239929676056,4.6208446292439476e-05,-6.353661592584103e-05,0.00777457095682621
243.323,0.39219167828559875,0.5786657333374023,0.3628239929676056,4.6208446292439476e-05,-6.353661592584103e-05,0.00777457095682621
243.333,0.39219167828559875,0.5786657333374023,0.3628239929676056,4.6208446292439476e-05,-6.353661592584103e-05,0.00777457095682621
243.343,0.39219167828559875,0.5786657333374023,0.3628239929676056,4.6208446292439476e-05,-6.353661592584103e-05,0.00777457095682621
243.353,0.39219167828559875,0.5786657333374023,0.3628239929676056,4.6208446292439476e-05,-6.353661592584103e-05,0.00777457095682621
243.363,0.39219167828559875,0.5786657333374023,0.3628239929676056,4.6208446292439476e-05,-6.353661592584103e-05,0.00777457095682621
243.373,0.39219167828559875,0.5786657333374023,0.3628239929676056,4.6208446292439476e-05,-6.353661592584103e-05,0.00777457095682621
243.383,0.39219167828559875,0.5786657333374023,0.3628239929676056,4.6208446292439476e-05,-6.353661592584103e-05,0.00777457095682621
243.393,0.39219167828559875,0.5786657333374023,0.3628239929676056,4.6208446292439476e-05,-6.353661592584103e-05,0.00777457095682621
243.403,0.39219167828559875,0.5786657333374023,0.3628239929676056,4.6208446292439476e-05,-6.353661592584103e-05,0.00777457095682621
243.413,0.39219167828559875,0.5786657333374023,0.3628239929676056,4.6208446292439476e-05,-6.353661592584103e-05,0.00777457095682621
243.423,0.39219167828559875,0.5786657333374023,0.3628239929676056,4.6208446292439476e-05,-6.353661592584103e-05,0.00777457095682621
243.433,0.39219167828559875,0.5786657333374023,0.3628239929676056,4.6208446292439476e-05,-6.353661592584103e-05,0.00777457095682621
243.443,0.39219167828559875,0.5786657333374023,0.3628239929676056,4.6208446292439476e-05,-6.353661592584103e-05,0.00777457095682621
243.453,0.39219167828559875,0.5786657333374023,0.3628239929676056,4.6208446292439476e-05,-6.353661592584103e-05,0.00777457095682621
243.463,0.39219167828559875,0.5786657333374023,0.3628239929676056,4.6208446292439476e-05,-6.353661592584103e-05,0.00777457095682621
243.473,0.39219167828559875,0.5786657333374023,0.3628239929676056,4.6208446292439476e-05,-6.353661592584103e-05,0.00777457095682621
243.483,0.39219167828559875,0.5786657333374023,0.3628239929676056,4.6208446292439476e-05,-6.353661592584103e-05,0.00777457095682621
243.493,0.39219167828559875,0.5786657333374023,0.3628239929676056,4.6208446292439476e-05,-6.353661592584103e-05,0.00777457095682621
243.503,0.39219167828559875,0.5786657333374023,0.3628239929676056,4.6208446292439476e-05,-6.353661592584103e-05,0.00777457095682621
243.513,0.39219167828559875,0.5786657333374023,0.3628239929676056,4.6208446292439476e-05,-6.353661592584103e-05,0.00777457095682621
243.523,0.39219167828559875,0.5786657333374023,0.3628239929676056,4.6208446292439476e-05,-6.353661592584103e-05,0.00777457095682621
243.533,0.39219167828559875,0.5786657333374023,0.3628239929676056,4.6208446292439476e-05,-6.353661592584103e-05,0.00777457095682621
243.543,0.39219167828559875,0.5786657333374023,0.3628239929676056,4.6208446292439476e-05,-6.353661592584103e-05,0.00777457095682621
243.553,0.7232913374900818,-0.09314557909965515,0.03301284462213516,-0.014695113524794579,-0.02150750160217285,0.995690107345581
243.563,0.5760055780410767,-0.014001592062413692,0.059400759637355804,0.024217860773205757,0.009052843786776066,1.0038248300552368
243.573,0.5615144968032837,0.034414853900671005,0.07400395721197128,-0.008746178820729256,-0.01928725279867649,0.997689425945282
243.583,0.4182486832141876,0.3071531355381012,0.00010390265379101038,0.022472018375992775,0.007426855619996786,1.0035457611083984
243.593,0.4666699767112732,0.49945878982543945,-0.02030586265027523,-0.008555509150028229,-0.014063859358429909,0.9965310096740723
243.603,0.4296717345714569,0.48966488242149353,-0.035519905388355255,0.026151273399591446,0.00696631520986557,1.0022644996643066
243.613,0.3382189869880676,0.4517762362957001,-0.03462423011660576,-0.013039679266512394,-0.016028668731451035,0.9982846975326538
243.623,0.3915911018848419,0.4768202602863312,-0.05574360862374306,0.022509178146719933,0.005010658409446478,1.0024750232696533
243.633,0.32563796639442444,0.4595191478729248,0.025212179869413376,-0.0031425664201378822,-0.010459354147315025,1.0002449750900269
243.643,0.3178522288799286,0.5161588191986084,0.028068721294403076,0.011941292323172092,-0.0032294210977852345,1.0012421607971191
243.653,0.33064624667167664,0.559260368347168,0.03646620362997055,0.006587530020624399,-0.0019635132048279047,1.0005170106887817
243.663,0.3161200284957886,0.5336934924125671,0.015597761608660221,0.0046319724060595036,-0.007319753523916006,1.0015853643417358
243.673,0.3465954661369324,0.5570221543312073,7.354214176302776e-06,0.007371939718723297,-0.002646840875968337,1.0030772686004639
243.683,0.3262201249599457,0.552376925945282,-0.0053009213879704475,-0.005954430438578129,-0.001976991770789027,0.9991623759269714
243.693,0.3436671495437622,0.56633460521698,-0.009032856673002243,0.02028713934123516,-0.00832535233348608,1.0015450716018677
243.703,0.3270450532436371,0.5673530697822571,-0.012410720810294151,0.004100322723388672,-0.02458566054701805,0.998683750629425
243.713,0.3290519118309021,0.5510444641113281,0.01272763591259718,-0.012684735469520092,0.027142750099301338,0.9997507333755493
243.723,0.3142690062522888,0.5551720857620239,0.01194313820451498,0.030375473201274872,-0.036361485719680786,1.0228594541549683
243.733,0.2995990216732025,0.5583776831626892,0.0104979258030653,-0.028830841183662415,-0.014277379959821701,1.0088818073272705
243.743,0.2850416898727417,0.5606592893600464,0.008393090218305588,0.03900490701198578,0.009014561772346497,1.0132379531860352
243.753,0.27059802412986755,0.5620124936103821,0.005630269646644592,0.047236695885658264,0.0368829071521759,1.017512321472168
243.763,0.26323914527893066,0.5232418775558472,-0.0050827739760279655,0.01438479870557785,0.019923992455005646,1.0113399028778076
243.773,0.2683069705963135,0.5351850986480713,-0.011424043215811253,0.022577516734600067,0.014959519729018211,0.9550808072090149
243.783,0.2749299108982086,0.5400604009628296,-0.0192878395318985,0.01116836816072464,0.02968474291265011,0.9804039001464844
243.793,0.26056596636772156,0.5372153520584106,-0.027601469308137894,0.001347593031823635,0.005638926289975643,1.0439016819000244
243.803,0.11224415153265,0.47475922107696533,0.0007444773800671101,0.024137187749147415,-0.006981303915381432,1.0692540407180786
243.813,0.10964906215667725,0.45240116119384766,-0.003894925583153963,0.05406958609819412,-0.0012807468883693218,1.1146655082702637
243.823,0.0920834168791771,0.4490591287612915,-0.008733957074582577,0.051223743706941605,-0.0019523651571944356,1.164872169494629
243.833,0.07487781345844269,0.44508782029151917,-0.013696083799004555,0.05336602032184601,-0.01870305836200714,1.158882737159729
243.843,0.10015315562486649,0.5074875950813293,-0.004039254505187273,0.05177304893732071,-0.016099197790026665,1.2315627336502075
243.853,0.13178370893001556,0.5400965213775635,-0.006653950549662113,0.0333821177482605,0.016025129705667496,1.213949203491211
243.863,0.32515648007392883,0.44429126381874084,-0.017154058441519737,0.030842861160635948,-0.030443690717220306,1.2389591932296753
243.873,0.3362443745136261,0.40801897644996643,-0.024886121973395348,0.03223095089197159,0.016245096921920776,1.24467933177948
243.883,0.3340612053871155,0.38286498188972473,-0.03068496473133564,-0.04714285582304001,0.017413996160030365,1.2233895063400269
243.893,0.400877445936203,0.26769909262657166,0.00227261520922184,-0.016139356419444084,-0.022916696965694427,1.2235357761383057
243.903,0.3955136835575104,0.2689944803714752,0.0036639582831412554,-0.015192086808383465,-0.0061347526498138905,1.1722636222839355
243.913,0.3924892544746399,0.2741412818431854,0.004753321409225464,0.029670793563127518,-0.02352135442197323,1.2103272676467896
243.923,0.392505943775177,0.2802473306655884,0.0054882061667740345,-0.04461588338017464,-0.002668234286829829,1.2281821966171265
243.933,0.39998042583465576,0.28028446435928345,0.013059739023447037,-0.04819915443658829,-0.035953130573034286,1.1655025482177734
243.943,0.40272653102874756,0.2812027037143707,0.013917423784732819,-0.03975546732544899,-0.03497995436191559,1.1281096935272217
243.953,0.38089731335639954,0.29974260926246643,0.011017421260476112,-0.08916671574115753,-0.04844307154417038,1.1876399517059326
243.963,0.37404772639274597,0.3129020035266876,0.01051460113376379,-0.01591060683131218,-0.059375982731580734,1.000349760055542
243.973,0.4040650725364685,0.30575135350227356,0.026340190321207047,-0.1950225681066513,-0.08999249339103699,1.1330839395523071
243.983,0.4070683717727661,0.3128645122051239,0.030051594600081444,-0.4025863707065582,-0.11795483529567719,1.1964974403381348
243.993,0.3914029002189636,0.3091529309749603,0.028698164969682693,-0.054358553141355515,-0.03680167719721794,0.983755886554718
244.003,0.3875824809074402,0.3123939335346222,0.030417999252676964,0.03824354335665703,-0.016144562512636185,0.9261678457260132
244.013,0.3971528112888336,0.31603148579597473,0.044492095708847046,0.02799936570227146,-0.017745718359947205,0.9327594637870789
244.023,0.4009630084037781,0.319698691368103,0.04702955111861229,0.02323349379003048,-0.005444447509944439,0.927134096622467
244.033,0.39085501432418823,0.32380881905555725,0.047028977423906326,-0.35772424936294556,-0.18497982621192932,1.1638966798782349
244.043,0.4018324017524719,0.3318190276622772,0.05185651779174805,-1.3067655563354492,-0.9956684708595276,1.1737525463104248
244.053,0.40316540002822876,0.3396003842353821,0.05584580451250076,-0.3327179551124573,-0.30958327651023865,0.7684611678123474
244.063,0.4171273410320282,0.3359663784503937,0.07820627838373184,0.056277401745319366,0.011635780334472656,0.7378703355789185
244.073,0.4211183786392212,0.3477296233177185,0.08201927691698074,0.01554642803966999,-0.03963622823357582,0.8045608997344971
244.083,0.41896870732307434,0.3488136827945709,0.08569319546222687,-0.25494664907455444,-0.2383737862110138,0.9467417597770691
244.093,0.42390620708465576,0.35693520307540894,0.08892260491847992,-0.41982194781303406,-0.4604499042034149,0.7147932648658752
244.103,0.42761942744255066,0.3502330780029297,0.1058172732591629,-0.36768049001693726,-1.7714221477508545,0.5514616966247559
244.113,0.42453092336654663,0.3488976061344147,0.1083034873008728,-0.16035832464694977,-0.8874815106391907,0.6214324831962585
244.123,0.4232536256313324,0.3534465730190277,0.10968631505966187,0.013637449592351913,-0.04240328446030617,0.7093544006347656
244.133,0.416589617729187,0.3545781672000885,0.11105404794216156,0.024191422387957573,0.025908630341291428,0.7355014681816101
244.143,0.41767728328704834,0.3588162660598755,0.13109588623046875,0.02993440255522728,-0.024775907397270203,0.7440008521080017
244.153,0.41073399782180786,0.35944002866744995,0.13228416442871094,0.3468301296234131,-0.718760073184967,0.9024267792701721
244.163,0.4053541421890259,0.3654806315898895,0.13318060338497162,-0.2758803069591522,-5.813300132751465,-1.2831065654754639
244.173,0.40162643790245056,0.3655078113079071,0.18415065109729767,-0.9090348482131958,-4.102694988250732,-0.27836936712265015
244.183,0.39504489302635193,0.3684261441230774,0.18458706140518188,-0.1610967218875885,-1.3673760890960693,0.015351816080510616
244.193,0.3888583481311798,0.3652794063091278,0.18463215231895447,0.25443175435066223,-0.0656566247344017,0.5123149156570435
244.203,0.37777671217918396,0.4213831424713135,0.4144798815250397,0.3049314618110657,-0.0697183832526207,0.5085344314575195
244.213,0.37147030234336853,0.4160360097885132,0.4280642867088318,0.27454885840415955,-0.1594589501619339,0.5363096594810486
244.223,0.37459173798561096,0.4204736351966858,0.44101738929748535,0.3184761703014374,-0.14272841811180115,0.6403467655181885
244.233,0.3693317174911499,0.4142829477787018,0.4531635642051697,0.2815030813217163,-0.11607062071561813,0.7299264073371887
244.243,0.370428204536438,0.41843530535697937,0.4645179212093353,0.2512562572956085,-0.1629467010498047,0.785115659236908
244.253,0.36052045226097107,0.4109894633293152,0.4749097228050232,0.24620915949344635,-0.18389371037483215,0.8241024613380432
244.263,0.2924657166004181,0.31660544872283936,0.5075722932815552,0.24992062151432037,-0.21493223309516907,0.8909326791763306
244.273,0.29140567779541016,0.29565006494522095,0.5227239727973938,0.2933189570903778,-0.12508049607276917,0.904452919960022
244.283,0.2826308608055115,0.2725958228111267,0.536471962928772,0.02294202148914337,0.04442037269473076,1.2455450296401978
244.293,0.2784491777420044,0.2487446516752243,0.548470139503479,-1.0349032878875732,0.9644484519958496,2.4293220043182373
244.303,0.6194419264793396,0.29446709156036377,0.5431835055351257,-0.09965969622135162,0.2900264859199524,1.1042965650558472
244.313,0.6771299839019775,0.2870967388153076,0.5165805816650391,0.25447607040405273,0.0795232355594635,1.101660966873169
244.323,0.6827844381332397,0.25365522503852844,0.5062851309776306,9.328139305114746,0.24308912456035614,9.520284652709961
244.333,0.6514096856117249,0.2192133516073227,0.5090628266334534,3.1095774173736572,0.16917113959789276,3.118441104888916
244.343,0.6404823064804077,0.1916758120059967,0.5058322548866272,-0.2195492833852768,-0.058684613555669785,0.2814083993434906
244.353,0.6347086429595947,0.15913265943527222,0.4982821047306061,-0.23155361413955688,-0.023389069363474846,0.38889724016189575
244.363,0.6461043953895569,0.11335505545139313,0.4830920398235321,0.007699934300035238,-0.010334665887057781,0.6312958002090454
244.373,0.6295856833457947,0.08898565918207169,0.48153918981552124,0.029481403529644012,-0.02111104130744934,0.73903888463974
244.383,0.6324469447135925,0.04935101419687271,0.4713442325592041,0.03862757608294487,-0.004710238892585039,0.7255695462226868
244.393,0.6696032881736755,0.0036500839050859213,0.4390677809715271,0.017543019726872444,-0.02047286368906498,0.7946551442146301
244.403,0.65224689245224,-0.02485615573823452,0.4442601501941681,0.05825357139110565,0.015970982611179352,0.8219596743583679
244.413,0.659689724445343,-0.064377062022686,0.4146656095981598,0.008835995569825172,-0.019824698567390442,0.8621783256530762
244.423,0.6531929969787598,-0.10329979658126831,0.4045007526874542,0.04241429269313812,0.00798297394067049,0.8298428654670715
244.433,0.6369326710700989,-0.12836121022701263,0.3782404065132141,0.01808919571340084,-0.0292710792273283,0.9151658415794373
244.443,0.6229379177093506,-0.16605399549007416,0.3638019859790802,0.03014187328517437,-0.016706068068742752,0.9098478555679321
244.453,0.5973204970359802,-0.18663039803504944,0.33932358026504517,0.011369063518941402,0.011247198097407818,0.9322043061256409
244.463,0.5935709476470947,-0.20167218148708344,0.31211403012275696,0.03422932326793671,0.07472626864910126,0.8969793915748596
244.473,0.5736064910888672,-0.20168353617191315,0.2438691258430481,0.038292523473501205,0.03645092248916626,0.9216841459274292
244.483,0.5729349851608276,-0.2282027006149292,0.18105806410312653,0.058217283338308334,-0.06395093351602554,0.9925102591514587
244.493,0.6060736179351807,-0.27078667283058167,0.2632249891757965,0.04649975895881653,-0.07270486652851105,1.0202810764312744
244.503,0.6122303009033203,-0.29858437180519104,0.2445862591266632,0.0651714950799942,0.014646010473370552,1.0010337829589844
244.513,0.6256087422370911,-0.367931604385376,0.2924361228942871,0.11150491237640381,-0.027942778542637825,1.0548937320709229
244.523,0.6231511235237122,-0.4174414873123169,0.3377494812011719,0.04309365898370743,-0.025852171704173088,1.0061434507369995
244.533,0.6037049889564514,-0.5246831178665161,0.34829553961753845,0.05154189094901085,-0.05093318596482277,1.0783789157867432
244.543,0.5647833943367004,-0.628425657749176,0.3327251374721527,0.10285364091396332,-0.08725082874298096,1.0643832683563232
244.553,0.5210506319999695,-0.7335938215255737,0.30813148617744446,0.06573962420225143,0.013590595684945583,1.0406498908996582
244.563,0.5268955826759338,-0.7226453423500061,0.29554712772369385,0.08015448600053787,-9.278931247536093e-05,1.0635491609573364
244.573,0.4894409775733948,-0.879483163356781,0.49151262640953064,0.05827309563755989,-0.0524907186627388,1.1752302646636963
244.583,0.4575892686843872,-0.9189295768737793,0.4913737177848816,0.07419434934854507,-0.06971997767686844,1.112902283668518
244.593,0.4257144629955292,-0.9343173503875732,0.49409952759742737,0.11141330003738403,0.00933519471436739,1.0150725841522217
244.603,0.39791661500930786,-0.9721618890762329,0.49347877502441406,0.1268092840909958,0.01637350022792816,1.054383635520935
244.613,0.0010133383329957724,-1.6582685708999634,0.8786847591400146,5.275795936584473,-1.1337592601776123,-1.891948938369751
244.623,0.027415771037340164,-1.717005729675293,0.9146778583526611,8.504998207092285,-1.6439242362976074,-5.193408012390137
244.633,-0.002354935510084033,-1.707208275794983,0.9710850119590759,2.368964195251465,0.13981105387210846,-0.6751522421836853
244.643,-0.030234897509217262,-1.714177131652832,1.0241236686706543,-3.940993547439575,0.5762562155723572,-4.997395992279053
244.653,-0.5152685046195984,-1.87123703956604,1.5562621355056763,-1.8144181966781616,-0.06585846841335297,-3.2228755950927734
244.663,-0.5622745752334595,-1.8739550113677979,1.6152589321136475,0.4875175654888153,-1.0721925497055054,-2.7634925842285156
244.673,-0.6307193040847778,-1.8566513061523438,1.6761906147003174,0.42726582288742065,-0.16030541062355042,-0.30073976516723633
244.683,-0.6739150881767273,-1.8690357208251953,1.7334165573120117,-0.10720673203468323,-0.06620319932699203,0.5557662844657898
244.693,-0.5104836225509644,-2.2306902408599854,2.069906234741211,0.050686441361904144,0.07039742916822433,0.1230599507689476
244.703,-0.5374996662139893,-2.234070062637329,2.1540677547454834,-0.05329088866710663,-0.046013202518224716,0.2632741630077362
244.713,-0.4434873163700104,-2.276650905609131,2.255263090133667,0.05047161132097244,0.03595389798283577,0.08015176653862
244.723,-0.40916749835014343,-2.327573537826538,2.3434131145477295,-0.008169359527528286,-0.026555851101875305,0.1916871815919876
244.733,-0.33060985803604126,-2.3329927921295166,2.3481669425964355,0.5872094631195068,0.05598536506295204,-0.4825892448425293
244.743,-0.559746503829956,-1.8529292345046997,2.0114569664001465,0.40548986196517944,-0.012878185138106346,-0.2575889527797699
244.753,-0.5269966721534729,-1.8470313549041748,2.065187931060791,0.08230365067720413,0.02344376966357231,-0.020286882296204567
244.763,-0.4282445013523102,-1.93392014503479,2.1769931316375732,0.007360764313489199,-0.058612160384655,-0.02991480566561222
244.773,-0.4233448803424835,-1.9190846681594849,2.1764602661132812,-0.7413015365600586,-1.4207522869110107,-3.911031484603882
244.783,-0.4710145592689514,-1.7119859457015991,2.0366463661193848,-0.868735671043396,0.5619910359382629,-3.6497442722320557
244.793,-0.4265129566192627,-1.76492178440094,2.0766570568084717,-0.08890841156244278,0.5947360396385193,-1.4354840517044067
244.803,-0.4354805648326874,-1.788883924484253,2.1440958976745605,0.3763989210128784,-0.021126585081219673,-1.3141411542892456
244.813,-0.30439290404319763,-1.8073920011520386,2.149833917617798,0.07341577857732773,-0.03141571581363678,-0.06681710481643677
244.824,-0.4736286997795105,-1.5994442701339722,1.962805151939392,-0.018659457564353943,-0.01148073561489582,0.12054039537906647
244.833,-0.4074997901916504,-1.6284279823303223,1.9650462865829468,-0.4926774203777313,0.04580703750252724,-1.006232738494873
244.843,-0.38324129581451416,-1.705773949623108,1.9994467496871948,-0.24905569851398468,0.027366379275918007,-0.5088719129562378
244.853,-0.2752581536769867,-1.703796625137329,2.002591848373413,0.14496557414531708,-0.2503773272037506,-1.282483458518982
244.864,-0.31008219718933105,-1.597059726715088,1.8993356227874756,0.13915838301181793,0.1397460699081421,-1.3939682245254517
244.873,-0.30316925048828125,-1.5894993543624878,1.8993855714797974,-0.3599817454814911,0.3097538352012634,-1.7488223314285278
244.883,-0.21155430376529694,-1.6739557981491089,1.9094867706298828,-0.0884191170334816,0.07267651706933975,-0.7308159470558167
244.893,-0.2055448293685913,-1.7042815685272217,1.910763144493103,0.1008264496922493,0.04242732375860214,-0.535423755645752
244.903,-0.25257888436317444,-1.5638188123703003,1.7617119550704956,0.04377874732017517,0.09692269563674927,-1.5259466171264648
244.913,-0.1714186817407608,-1.5590084791183472,1.7626867294311523,-0.02651120349764824,0.09541360288858414,-1.1146841049194336
244.923,-0.16629043221473694,-1.6267999410629272,1.7438018321990967,-0.1483645737171173,0.045806288719177246,-1.1482958793640137
244.933,-0.12435507774353027,-1.6164652109146118,1.7442911863327026,-0.12268403172492981,0.058852944523096085,-0.9362255334854126
244.944,-0.1373330056667328,-1.6511698961257935,1.6209027767181396,-0.1081816554069519,0.0327225923538208,-1.013487696647644
244.953,-0.05345078930258751,-1.638949990272522,1.6210485696792603,-0.03925814852118492,0.007007394451647997,-1.036324381828308
244.963,-0.05078178271651268,-1.707035779953003,1.5800527334213257,0.027390163391828537,-0.021604478359222412,-1.031744122505188
244.973,-0.04041669890284538,-1.6834430694580078,1.5797802209854126,0.029060563072562218,-0.03175012022256851,-1.0257983207702637
244.983,0.011461365036666393,-1.7115715742111206,1.556929111480713,0.03501109406352043,-0.05928491801023483,-1.0405094623565674
244.993,-0.01697605662047863,-1.7125496864318848,1.5000559091567993,0.03946985304355621,-0.019370241090655327,-1.0032579898834229
245.003,0.0555264987051487,-1.747794508934021,1.4723926782608032,0.005069349426776171,-0.036732178181409836,-0.9889984726905823
245.013,0.09130054712295532,-1.7916760444641113,1.4126567840576172,0.0030693376902490854,-0.027943221852183342,-0.9794915318489075
245.023,0.07481656223535538,-1.7533314228057861,1.412765622138977,0.026480672881007195,-0.010601190850138664,-1.0556901693344116
245.033,0.14856983721256256,-1.7943295240402222,1.3936101198196411,0.004734531044960022,-0.023778285831212997,-1.0198180675506592
245.043,0.15997225046157837,-1.8016819953918457,1.36061692237854,-0.014284010045230389,-0.017416182905435562,-0.9964560866355896
245.053,0.20126695930957794,-1.844049334526062,1.325691819190979,-0.005626002326607704,0.008993314579129219,-1.040221095085144
245.063,0.19191433489322662,-1.8544925451278687,1.289879322052002,0.0023793054278939962,-0.026519808918237686,-1.0163451433181763
245.073,0.19153396785259247,-1.8299360275268555,1.291448950767517,0.002812829567119479,0.010358896106481552,-1.032189965248108
245.083,0.24478547275066376,-1.8649396896362305,1.2538782358169556,-0.02726292796432972,-0.015735365450382233,-1.0275943279266357
245.093,0.2277703881263733,-1.8750934600830078,1.215583324432373,-0.014682423323392868,0.024446506053209305,-1.014640212059021
245.103,0.28161609172821045,-1.9124329090118408,1.1749485731124878,0.00727760698646307,-0.044718336313962936,-1.0299557447433472
245.114,0.2877427935600281,-1.9421250820159912,1.1475780010223389,0.028311440721154213,-0.012489869259297848,-1.0092570781707764
245.123,0.2683064341545105,-1.89963698387146,1.1478734016418457,-0.017278620973229408,-0.002155116992071271,-1.0295742750167847
245.133,0.3290812075138092,-1.9400066137313843,1.1057215929031372,0.0007419722969643772,-0.017351405695080757,-1.0186179876327515
245.143,0.31325632333755493,-1.9518821239471436,1.0627959966659546,0.015026547946035862,-0.023955168202519417,-1.0140172243118286
245.153,0.3600374460220337,-1.990243673324585,1.0178850889205933,0.004923122934997082,-0.011521423235535622,-1.025788426399231
245.163,0.33896002173423767,-1.9921891689300537,1.0520375967025757,-0.02442118339240551,0.002175630535930395,-1.0256178379058838
245.173,0.35324352979660034,-1.9844675064086914,1.008777379989624,-0.008051694370806217,-0.0018173872958868742,-1.0224910974502563
245.183,0.3994814455509186,-2.0242788791656494,0.9639034271240234,0.02011638693511486,-0.03056005761027336,-1.0221691131591797
245.193,0.41692808270454407,-2.0877726078033447,0.9176194667816162,0.0057281386107206345,-0.013051235117018223,-1.0238317251205444
245.203,0.4700857400894165,-2.1395277976989746,0.9253271222114563,0.005178928375244141,-0.007860854268074036,-1.0210187435150146
245.213,0.4911113679409027,-2.204834461212158,0.8794106841087341,0.0034209690056741238,-0.009776655584573746,-1.0219242572784424
245.223,0.5280718207359314,-2.2480270862579346,0.8321816325187683,-0.00017892132746055722,-0.01312965713441372,-1.0221648216247559
245.233,0.5730686783790588,-2.293951988220215,0.7836903929710388,0.0001222291903104633,-0.011388282291591167,-1.0213829278945923
245.243,0.6199415922164917,-2.3962860107421875,0.7959310412406921,0.002460873918607831,-0.01356219407171011,-1.0222910642623901
245.253,0.6524957418441772,-2.4415981769561768,0.7485339045524597,0.002688491251319647,-0.012980861589312553,-1.0209108591079712
245.263,0.6735668778419495,-2.5127742290496826,0.6997782588005066,0.0007161038811318576,-0.011500773020088673,-1.0221682786941528
245.273,0.7311635613441467,-2.5878942012786865,0.6761916875839233,0.0032363825011998415,-0.011549432761967182,-1.023166537284851
245.283,0.7739629149436951,-2.640615463256836,0.6266835331916809,0.00256251054815948,-0.011168627068400383,-1.0212557315826416
245.293,0.7859512567520142,-2.7136800289154053,0.5757978558540344,0.0009037553681991994,-0.010906080715358257,-1.023207664489746
245.303,0.814649760723114,-2.7642242908477783,0.5236124992370605,0.00308389775454998,-0.0116166602820158,-1.0225708484649658
245.313,0.9232594966888428,-2.9672014713287354,0.5593395233154297,0.0038235520478338003,-0.013131129555404186,-1.020949363708496
245.323,0.9320378303527832,-3.0470380783081055,0.5118014216423035,0.0038010012358427048,-0.012231695465743542,-1.0199049711227417
245.333,0.9547970294952393,-3.1302599906921387,0.4631212651729584,0.0006049224175512791,-0.012180541642010212,-1.0220061540603638
245.343,0.965347409248352,-3.213151454925537,0.41311222314834595,0.0019734485540539026,-0.01362651214003563,-1.0222591161727905
245.353,0.9833270311355591,-3.3215324878692627,0.3727289140224457,0.0014344884548336267,-0.010684850625693798,-1.023085355758667
245.363,1.0276243686676025,-3.4957120418548584,0.26868003606796265,0.0005725349183194339,-0.01055419072508812,-1.021417498588562
245.373,1.0103230476379395,-3.4990074634552,0.26867881417274475,0.0011125296587124467,-0.01307197567075491,-1.0196205377578735
245.383,1.0344096422195435,-3.5903730392456055,0.2150179147720337,0.0016403818735852838,-0.014213480986654758,-1.0229421854019165
245.393,1.0395656824111938,-3.691385269165039,0.1607133448123932,0.0021272723097354174,-0.012666352093219757,-1.0212985277175903
245.403,1.2963327169418335,-4.092976093292236,0.30049434304237366,0.004336092621088028,-0.010169434361159801,-1.0205525159835815
245.413,0.754652738571167,0.7904946208000183,0.13176049292087555,0.00422386359423399,-0.012451699003577232,-1.0219742059707642
245.423,0.7652073502540588,0.7937190532684326,0.22508645057678223,0.003099414287135005,-0.01385792251676321,-1.0209689140319824
245.433,0.7869579195976257,0.2515057325363159,2.610006332397461,0.003643076168373227,-0.01067601889371872,-1.0207772254943848
245.443,0.8243772387504578,0.20076961815357208,2.6048595905303955,0.0023401714861392975,-0.01087053120136261,-1.0202804803848267
245.453,0.8453965783119202,0.24370047450065613,2.5980515480041504,0.0032467269338667393,-0.010433618910610676,-1.0206053256988525
245.463,0.9125348329544067,0.2639036476612091,2.5886189937591553,0.0038751529064029455,-0.011358927935361862,-1.0219813585281372
245.473,0.9270087480545044,0.24902912974357605,2.594465732574463,0.0025829316582530737,-0.011270219460129738,-1.020906686782837
245.483,0.9365929365158081,0.2585112452507019,2.581789493560791,0.0019187624566257,-0.010810892097651958,-1.0236448049545288
245.493,0.933530330657959,0.25337955355644226,2.567068099975586,0.0023022645618766546,-0.010625367052853107,-1.0225083827972412
245.503,0.9335365891456604,0.26394784450531006,2.5504398345947266,0.0028738046530634165,-0.01338502299040556,-1.0214613676071167
245.513,0.9491462111473083,0.2668265104293823,2.5596861839294434,0.0016298776026815176,-0.01222719345241785,-1.0220204591751099
245.523,0.9449934363365173,0.2562958002090454,2.539212703704834,0.003127208910882473,-0.013390563428401947,-1.0219671726226807
245.533,0.9533997774124146,0.2721486985683441,2.516777753829956,0.002937129233032465,-0.012015586718916893,-1.0218653678894043
245.543,0.9464359879493713,0.26547205448150635,2.4923715591430664,0.00017061397375073284,-0.01204673107713461,-1.021836519241333
245.553,0.9496665596961975,0.26414111256599426,2.50182843208313,0.004382063169032335,-0.013942774385213852,-1.0224357843399048
245.563,0.9508028626441956,0.260311484336853,2.4738757610321045,0.0029702174942940474,-0.012149803340435028,-1.0210165977478027
245.573,0.9557837247848511,0.26282691955566406,2.443887710571289,0.0027891614008694887,-0.012606699019670486,-1.0208970308303833
245.583,0.9643198847770691,0.2652846574783325,2.4520812034606934,0.003846263512969017,-0.012559482827782631,-1.0188242197036743
245.593,0.963986337184906,0.2574194371700287,2.4188694953918457,0.0024236412718892097,-0.015057502314448357,-1.0205087661743164
245.603,0.960716724395752,0.2594570815563202,2.383713722229004,0.00044618736137636006,-0.01375771313905716,-1.019514799118042
245.613,0.9610115885734558,0.25853797793388367,2.346578598022461,0.0008519116672687232,-0.011848922818899155,-1.0191258192062378
245.623,0.9678020477294922,0.24790778756141663,2.3707516193389893,0.0032844915986061096,-0.012372300960123539,-1.0206881761550903
245.633,0.9714838862419128,0.2576478123664856,2.331364154815674,0.00047795288264751434,-0.015388085506856441,-1.022200345993042
245.643,0.9654760360717773,0.25231805443763733,2.2899954319000244,0.0008732039132155478,-0.013150881975889206,-1.0217034816741943
245.653,0.9610741138458252,0.2601536214351654,2.246648073196411,0.003358060261234641,-0.011324417777359486,-1.0200103521347046
245.663,0.962989866733551,0.2642650008201599,2.2012789249420166,0.0035189224872738123,-0.011277069337666035,-1.0205481052398682
245.673,0.9761587977409363,0.24981752038002014,2.2562010288238525,0.0037298561073839664,-0.011007845401763916,-1.0214555263519287
245.683,0.977084755897522,0.2626150846481323,2.2104761600494385,0.0028796803671866655,-0.011016377247869968,-1.0213823318481445
245.693,0.9832531809806824,0.26227834820747375,2.162705183029175,0.0026875531766563654,-0.013225494883954525,-1.0217739343643188
245.703,0.9905363321304321,0.2516845166683197,2.2220911979675293,0.0022098736371845007,-0.01458352617919445,-1.0230146646499634
245.713,0.9893518686294556,0.2555103898048401,2.1745452880859375,0.002915578428655863,-0.011972791515290737,-1.0240792036056519
245.723,0.9899604320526123,0.2540319263935089,2.1249442100524902,0.002926161279901862,-0.01294669322669506,-1.020870327949524
245.733,0.989932656288147,0.26502037048339844,2.0734355449676514,0.00363451917655766,-0.012933398596942425,-1.0202789306640625
245.743,0.9951210021972656,0.2470652163028717,2.1529879570007324,0.001746513182297349,-0.014414648525416851,-1.0207114219665527
245.753,0.9912297129631042,0.24886161088943481,2.102849245071411,0.0033922665752470493,-0.011419146321713924,-1.020736575126648
245.763,0.9891794919967651,0.2549647092819214,2.050759792327881,0.001934669679030776,-0.010539013892412186,-1.0201396942138672
245.773,0.9912282824516296,0.25463470816612244,1.996561884880066,0.002700334182009101,-0.008654877543449402,-1.020749807357788
245.783,1.0026911497116089,0.25000008940696716,2.0984787940979004,0.0023021509405225515,-0.010136133059859276,-1.0204262733459473
245.793,1.001499891281128,0.24473075568675995,2.046804904937744,0.0018078277353197336,-0.01369457971304655,-1.0226417779922485
245.803,0.994913637638092,0.2496175616979599,1.9932422637939453,0.0013966923579573631,-0.012424305081367493,-1.0219080448150635
245.813,0.9938875436782837,0.2547328770160675,1.937685489654541,0.0027246568351984024,-0.010406440123915672,-1.0206283330917358
245.823,1.0060210227966309,0.2397066354751587,2.0611674785614014,0.004373849369585514,-0.011954205110669136,-1.0183354616165161
245.833,1.0072773694992065,0.24339629709720612,2.008986473083496,0.0031398534774780273,-0.01347198523581028,-1.020076036453247
245.843,1.0018545389175415,0.23986181616783142,1.9493108987808228,0.0006552843260578811,-0.01176417712122202,-1.0209479331970215
245.853,1.0012370347976685,0.24300208687782288,1.892857551574707,0.0005034358473494649,-0.011160874739289284,-1.0203782320022583
245.863,1.011927843093872,0.2347206473350525,2.0287816524505615,0.0016471444396302104,-0.01137369405478239,-1.0207020044326782
245.873,1.0130151510238647,0.23072049021720886,1.976054072380066,0.004680201411247253,-0.013688812032341957,-1.0205681324005127
245.883,1.0151278972625732,0.24275152385234833,1.9214348793029785,0.0039428723976016045,-0.015112989582121372,-1.0213756561279297
245.893,1.0165435075759888,0.24182432889938354,1.8648570775985718,0.003585701808333397,-0.01175125315785408,-1.0228509902954102
245.903,1.0226171016693115,0.24545174837112427,1.8061907291412354,0.0016158621292561293,-0.011603757739067078,-1.0220266580581665
245.913,1.034583568572998,0.23763838410377502,1.9634575843811035,0.0013706855243071914,-0.012716765515506268,-1.0212364196777344
245.923,1.034844160079956,0.23564445972442627,1.908986210823059,0.0017273101257160306,-0.010620301589369774,-1.0228919982910156
245.933,1.037211298942566,0.24492000043392181,1.852620244026184,0.003447198076173663,-0.011832538060843945,-1.0211235284805298
245.943,1.0338395833969116,0.24092431366443634,1.79427969455719,0.000995968352071941,-0.01300814002752304,-1.019120454788208
245.953,1.0472078323364258,0.23402011394500732,1.9772623777389526,0.0018896209076046944,-0.013501469977200031,-1.0211330652236938
245.963,1.0452179908752441,0.22922338545322418,1.9241464138031006,0.002239203080534935,-0.011279857717454433,-1.019605040550232
245.973,1.0452258586883545,0.22729091346263885,1.8689825534820557,0.0029668950010091066,-0.0113864466547966,-1.0211031436920166
245.983,1.0487009286880493,0.22750532627105713,1.8118547201156616,0.003960731439292431,-0.0120973140001297,-1.0202490091323853
245.993,1.0575141906738281,0.21423806250095367,1.983242392539978,0.0037475554272532463,-0.011141358874738216,-1.0196313858032227
246.003,1.0610594749450684,0.21999038755893707,1.930777907371521,0.001465527806431055,-0.010164117440581322,-1.0201787948608398
246.013,1.0566364526748657,0.22345291078090668,1.8764283657073975,0.0029301864560693502,-0.012966614216566086,-1.0227285623550415
246.023,1.0552674531936646,0.2208995521068573,1.81995689868927,0.001708643976598978,-0.015030186623334885,-1.0226163864135742
246.033,1.0683667659759521,0.21680980920791626,1.985484004020691,0.001978792017325759,-0.013064553961157799,-1.0209505558013916
246.043,1.0638940334320068,0.21414192020893097,1.9334503412246704,0.001699511194601655,-0.012419291771948338,-1.020813226699829
246.053,1.0656154155731201,0.22605717182159424,1.879394769668579,0.0022974128369241953,-0.011152216233313084,-1.0216690301895142
246.063,1.0616177320480347,0.2222433239221573,1.8233453035354614,0.00532824732363224,-0.010990757495164871,-1.0211294889450073
246.073,1.0696183443069458,0.21424731612205505,1.9891573190689087,0.0024147252552211285,-0.010724483989179134,-1.022009253501892
246.083,1.0708953142166138,0.21972331404685974,1.9373455047607422,0.002019106410443783,-0.011256256140768528,-1.0208451747894287
246.093,1.0682953596115112,0.21700480580329895,1.883550763130188,0.003215186996385455,-0.015490184538066387,-1.0226389169692993
246.103,1.068924069404602,0.22625307738780975,1.827807903289795,0.0022621359676122665,-0.012336142361164093,-1.0229700803756714
246.113,1.0645979642868042,0.22338762879371643,1.7701038122177124,0.00392164709046483,-0.012011163868010044,-1.0215950012207031
246.123,1.0717852115631104,0.2160443812608719,1.96332585811615,0.0019695500377565622,-0.01249480340629816,-1.021140456199646
246.133,1.0725940465927124,0.22162999212741852,1.9108563661575317,0.0033065183088183403,-0.011343547143042088,-1.0221654176712036
246.143,1.0712496042251587,0.2185688316822052,1.85636305809021,0.00046759418910369277,-0.012051059864461422,-1.022498369216919
246.153,1.0714020729064941,0.22439263761043549,1.799949288368225,0.0011899101082235575,-0.01263758447021246,-1.0210825204849243
246.163,1.0811264514923096,0.20848296582698822,1.975256085395813,0.0040650684386491776,-0.012354005128145218,-1.0202672481536865
246.173,1.0748306512832642,0.21211795508861542,1.9235438108444214,0.0031332848593592644,-0.01269852090626955,-1.0212212800979614
246.183,1.075413703918457,0.21709167957305908,1.8697580099105835,0.0020776940509676933,-0.013350792229175568,-1.0208723545074463
246.193,1.0744816064834595,0.21294757723808289,1.8082222938537598,0.002499479567632079,-0.01112035010010004,-1.0194387435913086
246.203,1.0853255987167358,0.20865459740161896,1.9768061637878418,0.002738123293966055,-0.011834506876766682,-1.0220556259155273
246.213,1.0816618204116821,0.2057480365037918,1.9200667142868042,0.0018399098189547658,-0.011141045019030571,-1.019458532333374
246.223,1.0789124965667725,0.21117423474788666,1.8663809299468994,0.0033732077572494745,-0.012311619706451893,-1.0206857919692993
246.233,1.088225245475769,0.2055664211511612,2.0196311473846436,0.0044613485224545,-0.013898603618144989,-1.0218759775161743
246.243,1.087698221206665,0.2038281261920929,1.9697450399398804,0.003000947879627347,-0.011823021806776524,-1.022983431816101
246.253,1.0868746042251587,0.2118023782968521,1.91805899143219,0.004255094565451145,-0.011685995385050774,-1.021846055984497
246.263,1.0850579738616943,0.2077857404947281,1.8642468452453613,0.0011472790502011776,-0.012606453150510788,-1.0231748819351196
246.273,1.0950616598129272,0.2055320143699646,2.011603593826294,0.002385213039815426,-0.011371594853699207,-1.0214205980300903
246.283,1.0894492864608765,0.20789141952991486,1.9617254734039307,0.005483906716108322,-0.013632547110319138,-1.0205602645874023
246.293,1.0884127616882324,0.2049078345298767,1.9096877574920654,0.0036445525474846363,-0.012426755391061306,-1.0216562747955322
246.303,1.0898621082305908,0.21163541078567505,1.8557565212249756,0.002320466795936227,-0.01332701276987791,-1.0212414264678955
246.313,1.0870510339736938,0.2070871889591217,1.799794316291809,0.003380061825737357,-0.01216293964534998,-1.0193146467208862
246.323,1.099526047706604,0.2038065493106842,1.9517489671707153,0.001984331989660859,-0.013054276816546917,-1.0207490921020508
246.333,1.0941866636276245,0.20654195547103882,1.899705410003662,0.0031447226647287607,-0.012449397705495358,-1.0215983390808105
246.343,1.0929774045944214,0.20211419463157654,1.8400534391403198,0.003461389569565654,-0.01277456246316433,-1.020007848739624
246.353,1.0907455682754517,0.21100746095180511,1.7839841842651367,0.004199427552521229,-0.010853351093828678,-1.019118309020996
246.363,1.1000934839248657,0.19845454394817352,1.9538791179656982,0.004124438855797052,-0.012208318337798119,-1.0217443704605103
246.373,1.0997980833053589,0.2044248729944229,1.9023518562316895,0.0020129464101046324,-0.012959814630448818,-1.0224411487579346
246.383,1.0926909446716309,0.2067803144454956,1.8488843441009521,0.0010605341522023082,-0.012097788974642754,-1.0215803384780884
246.393,1.0901529788970947,0.2052743136882782,1.7933142185211182,0.00067564204800874,-0.011506246402859688,-1.020431637763977
246.403,1.1063967943191528,0.1940368115901947,1.9819425344467163,0.0020117987878620625,-0.011632323265075684,-1.0213701725006104
246.413,1.1018911600112915,0.1900637149810791,1.9320613145828247,0.0015240772627294064,-0.011808305978775024,-1.020064115524292
246.423,1.1027746200561523,0.1884041428565979,1.880224585533142,0.001650697086006403,-0.012555905617773533,-1.021803617477417
246.433,1.1073681116104126,0.18287260830402374,2.0350077152252197,0.004114230629056692,-0.012941286899149418,-1.0214500427246094
246.443,1.1059753894805908,0.1808614879846573,1.987203598022461,0.004284645430743694,-0.013924340717494488,-1.0213894844055176
246.453,1.10494863986969,0.18895544111728668,1.9375261068344116,0.0018130477983504534,-0.01432584784924984,-1.0201255083084106
246.463,1.1002002954483032,0.1846715211868286,1.8858133554458618,0.0007893979200161994,-0.012011304497718811,-1.0205328464508057
246.473,1.1119916439056396,0.18441735208034515,2.0282962322235107,0.0034878384321928024,-0.010923661291599274,-1.0221880674362183
246.483,1.1051747798919678,0.18711160123348236,1.980196475982666,0.002823366317898035,-0.011114037595689297,-1.0208114385604858
246.493,1.1032097339630127,0.18466363847255707,1.9299999475479126,0.001546950894407928,-0.009885147213935852,-1.0220812559127808
246.503,1.1007071733474731,0.19634588062763214,1.877967357635498,0.0021858548279851675,-0.011330438777804375,-1.0207860469818115
246.513,1.1099231243133545,0.18228371441364288,2.0312187671661377,0.003135583596304059,-0.010988010093569756,-1.0217266082763672
246.523,1.1113895177841187,0.18949788808822632,1.9830272197723389,0.004052419681102037,-0.010989900678396225,-1.0235249996185303
246.533,1.1071125268936157,0.18641726672649384,1.9328269958496094,0.0036223633214831352,-0.011211596429347992,-1.0244147777557373
246.543,1.0981684923171997,0.19179034233093262,1.8807331323623657,0.00295199709944427,-0.011920490302145481,-1.0215946435928345
246.553,1.0985116958618164,0.2010875791311264,1.8265774250030518,0.0019399428274482489,-0.010763254016637802,-1.0210140943527222
246.563,1.1106700897216797,0.1833593100309372,1.9862140417099,0.0013622676488012075,-0.012233015149831772,-1.0223884582519531
246.573,1.111038327217102,0.19510740041732788,1.9358935356140137,0.0028914057184010744,-0.01185096800327301,-1.0240312814712524
246.583,1.1030986309051514,0.18896545469760895,1.8835968971252441,0.0029801868367940187,-0.012403297238051891,-1.0219762325286865
246.593,1.0958318710327148,0.1962680220603943,1.8292677402496338,0.002178603084757924,-0.010527265258133411,-1.01948881149292
246.603,1.1139470338821411,0.19179892539978027,1.986297845840454,0.0012214637827128172,-0.013101186603307724,-1.0201886892318726
246.613,1.1073373556137085,0.18766185641288757,1.935636281967163,0.002708007814362645,-0.012671475298702717,-1.0218651294708252
246.623,1.1076937913894653,0.1997014582157135,1.8830581903457642,0.003122816327959299,-0.011658602394163609,-1.0206695795059204
246.633,1.099625825881958,0.1952160745859146,1.8284087181091309,0.004320359323173761,-0.01260218396782875,-1.0227131843566895
246.643,1.1130083799362183,0.18388767540454865,2.000953435897827,0.004958021454513073,-0.012894733808934689,-1.0202640295028687
246.653,1.110148310661316,0.19258905947208405,1.95078706741333,0.0047203609719872475,-0.011580949649214745,-1.0212113857269287
246.663,1.1071019172668457,0.18697690963745117,1.8985021114349365,0.002914383774623275,-0.013184906914830208,-1.0235857963562012
246.673,1.1060740947723389,0.20215830206871033,1.8443068265914917,0.0031043998897075653,-0.012323795817792416,-1.0202568769454956
246.683,1.1184189319610596,0.1754305511713028,2.009631872177124,0.00268495362251997,-0.012724249623715878,-1.0213110446929932
246.693,1.1191151142120361,0.1867389976978302,1.9594663381576538,0.00349217327311635,-0.013889540918171406,-1.0206493139266968
246.703,1.106574535369873,0.19500857591629028,1.907366394996643,0.003230371279641986,-0.013001423329114914,-1.0201436281204224
246.713,1.0996659994125366,0.1894596666097641,1.8531785011291504,0.0032347922679036856,-0.015161966904997826,-1.0222469568252563
246.723,1.098772406578064,0.1985619217157364,1.797080397605896,0.0022338563576340675,-0.013029183261096478,-1.021924376487732
246.733,1.1170337200164795,0.17464129626750946,1.9593677520751953,0.0029290926177054644,-0.013242234475910664,-1.0213416814804077
246.743,1.1138362884521484,0.18484912812709808,1.9070054292678833,0.0020998390391469,-0.013506852090358734,-1.0210793018341064
246.753,1.101231336593628,0.1930878460407257,1.8526285886764526,0.001636858913116157,-0.01325099915266037,-1.020218014717102
246.763,1.0933955907821655,0.1856778860092163,1.7961798906326294,0.0032312246039509773,-0.014647798612713814,-1.0201330184936523
246.773,1.1181331872940063,0.18321596086025238,1.960508108139038,0.0015755201457068324,-0.014074210077524185,-1.0221807956695557
246.783,1.1098052263259888,0.1753564476966858,1.907839298248291,0.0015711175510659814,-0.014697419479489326,-1.0226027965545654
246.793,1.109941840171814,0.19530266523361206,1.8531945943832397,0.0034671409521251917,-0.014027463272213936,-1.0244269371032715
246.803,1.1069247722625732,0.18296602368354797,1.7964727878570557,0.0027819108217954636,-0.014309311285614967,-1.022832989692688
246.813,1.1194406747817993,0.1705232560634613,1.9761645793914795,0.0022763600572943687,-0.013158549554646015,-1.0213093757629395
246.823,1.1175360679626465,0.18282952904701233,1.9241044521331787,0.001220384961925447,-0.013018954545259476,-1.020864486694336
246.833,1.107900857925415,0.18063606321811676,1.8700404167175293,0.001995429862290621,-0.011712015606462955,-1.0222935676574707
246.843,1.1150188446044922,0.1816679835319519,1.8139290809631348,0.003014178015291691,-0.012502875179052353,-1.0221284627914429
246.853,1.1307957172393799,0.1585591584444046,1.9792898893356323,0.0011219657026231289,-0.012511331588029861,-1.0219463109970093
246.863,1.1360570192337036,0.15605857968330383,1.927199125289917,0.002512626815587282,-0.01515958085656166,-1.0219327211380005
246.873,1.1415934562683105,0.1572575718164444,1.873095989227295,0.0016823357436805964,-0.012317301705479622,-1.0209205150604248
246.883,1.1334545612335205,0.1474406123161316,1.8170405626296997,0.002346624853089452,-0.012588946148753166,-1.0224467515945435
246.893,1.135011911392212,0.14615190029144287,1.759055733680725,-3.8765749195590615e-05,-0.011891474016010761,-1.021007776260376
246.903,1.1424403190612793,0.12877020239830017,1.927162528038025,0.0012428078334778547,-0.01070482935756445,-1.0218898057937622
246.913,1.13884437084198,0.12826785445213318,1.8729596138000488,0.004223627038300037,-0.014782069250941277,-1.020951747894287
246.923,1.1357510089874268,0.14320872724056244,1.8169649839401245,0.0018788191955536604,-0.014574999921023846,-1.022398829460144
246.933,1.1294662952423096,0.13789460062980652,1.758817434310913,0.001932209706865251,-0.012871441431343555,-1.022328495979309
246.943,1.1427254676818848,0.14661280810832977,1.9254010915756226,0.0017408838029950857,-0.011141332797706127,-1.0188087224960327
246.953,1.1336930990219116,0.13942109048366547,1.8711962699890137,0.003297819523140788,-0.011678365990519524,-1.0220261812210083
246.963,1.1219578981399536,0.15541206300258636,1.8149902820587158,0.0042416672222316265,-0.011031129397451878,-1.0198793411254883
246.973,1.1118863821029663,0.1775984913110733,1.7569973468780518,0.0030310938600450754,-0.012032642029225826,-1.0217227935791016
246.983,1.1259207725524902,0.15307913720607758,1.9356520175933838,0.0019136921036988497,-0.012438409961760044,-1.0226272344589233
246.993,1.1232439279556274,0.17689716815948486,1.8820921182632446,0.003966404125094414,-0.014649559743702412,-1.0223175287246704
247.003,1.1149427890777588,0.16978920996189117,1.8265715837478638,0.004179842304438353,-0.012200386263430119,-1.0223308801651
247.013,1.1052882671356201,0.1850004643201828,1.7689588069915771,0.0026504802517592907,-0.013368209823966026,-1.0226612091064453
247.023,1.1240135431289673,0.16569358110427856,1.9485944509506226,0.002009719843044877,-0.013228179886937141,-1.022613525390625
247.033,1.122241735458374,0.16157972812652588,1.8954806327819824,0.003507276764139533,-0.010869907215237617,-1.0204650163650513
247.043,1.1185003519058228,0.17674721777439117,1.8405932188034058,0.0032585998997092247,-0.012059660628437996,-1.0218513011932373
247.053,1.1112850904464722,0.1718374341726303,1.7835445404052734,0.0025879601016640663,-0.013280592858791351,-1.0199434757232666
247.063,1.1389656066894531,0.14594529569149017,1.9555108547210693,0.0019314275123178959,-0.012832819484174252,-1.0191806554794312
247.073,1.126348614692688,0.157742440700531,1.9028290510177612,0.002197899855673313,-0.01190274115651846,-1.024060845375061
247.083,1.1224875450134277,0.15225821733474731,1.8481398820877075,0.002628247020766139,-0.013195015490055084,-1.0222960710525513
247.093,1.1169469356536865,0.17054890096187592,1.7915711402893066,0.0014129701303318143,-0.012772450223565102,-1.0186887979507446
247.103,1.1081750392913818,0.16407261788845062,1.7329243421554565,0.001676362007856369,-0.012216669507324696,-1.020475149154663
247.113,1.133302927017212,0.14833985269069672,1.9076231718063354,0.002242156071588397,-0.012770045548677444,-1.0208666324615479
247.123,1.1221741437911987,0.1546013355255127,1.8531712293624878,0.0037148038391023874,-0.013125387951731682,-1.0218770503997803
247.133,1.115664005279541,0.15258097648620605,1.7966859340667725,0.003264780854806304,-0.01116411853581667,-1.0217199325561523
247.143,1.1185775995254517,0.14977429807186127,1.738262414932251,0.003970535006374121,-0.009959515184164047,-1.0191434621810913
247.153,1.1387007236480713,0.11573157459497452,1.9129191637039185,0.002209166996181011,-0.012291952967643738,-1.0212798118591309
247.163,1.138198971748352,0.1341039091348648,1.8587170839309692,0.0013302823062986135,-0.013038494624197483,-1.023801326751709
247.173,1.1247810125350952,0.14619337022304535,1.802541732788086,0.0028560238424688578,-0.013721148483455181,-1.0198813676834106
247.183,1.1227043867111206,0.14077840745449066,1.744230031967163,0.0021065077744424343,-0.01306970790028572,-1.0187686681747437
247.193,1.143588900566101,0.1357545256614685,1.9366799592971802,0.0026570013724267483,-0.011924522928893566,-1.022037386894226
247.203,1.1378650665283203,0.12879298627376556,1.8835723400115967,0.0042514074593782425,-0.012463124468922615,-1.0220686197280884
247.213,1.135237455368042,0.15156197547912598,1.8285481929779053,0.001873004250228405,-0.012915238738059998,-1.0219727754592896
247.223,1.1255431175231934,0.14449024200439453,1.7715333700180054,0.0021324611734598875,-0.011767826043069363,-1.0201624631881714
247.233,1.1379927396774292,0.1377812922000885,1.9421050548553467,0.0010348755167797208,-0.012492935173213482,-1.0233261585235596
247.243,1.13820219039917,0.15177758038043976,1.8893375396728516,0.0018345719436183572,-0.01413996797055006,-1.0223489999771118
247.253,1.1326377391815186,0.14610838890075684,1.83456289768219,0.0018974317936226726,-0.013811490498483181,-1.0224851369857788
247.263,1.1299077272415161,0.16520357131958008,1.7778733968734741,0.002333400771021843,-0.011772658675909042,-1.0223232507705688
247.273,1.151812195777893,0.13646088540554047,1.94924795627594,0.0015343775739893317,-0.01297437772154808,-1.0198428630828857
247.283,1.141371726989746,0.14621753990650177,1.8967832326889038,0.0021174424327909946,-0.012799040414392948,-1.0193781852722168
247.293,1.137730360031128,0.16649378836154938,1.8424023389816284,0.002298357430845499,-0.013905907981097698,-1.021601915359497
247.303,1.129646897315979,0.15889592468738556,1.7860091924667358,0.0027976129204034805,-0.013142703101038933,-1.0245355367660522
247.313,1.126078486442566,0.1780652105808258,1.7276759147644043,0.003388354554772377,-0.013079492375254631,-1.0199908018112183
247.323,1.1421847343444824,0.13673026859760284,1.9036070108413696,0.004619987215846777,-0.013259590603411198,-1.0204507112503052
247.333,1.132136583328247,0.14928391575813293,1.8494534492492676,0.004449133295565844,-0.011597909033298492,-1.0212976932525635
247.343,1.1295781135559082,0.16471050679683685,1.7933850288391113,0.0028008779045194387,-0.011122395284473896,-1.0217665433883667
247.353,1.124757170677185,0.16373604536056519,1.735252857208252,0.003525507403537631,-0.010555488057434559,-1.0185893774032593
247.363,1.1465532779693604,0.1473708152770996,1.903310775756836,0.003854705486446619,-0.010730274952948093,-1.0213967561721802
247.373,1.1371873617172241,0.14166933298110962,1.849197268486023,0.002285549882799387,-0.011542812921106815,-1.0222119092941284
247.383,1.136149287223816,0.15672028064727783,1.7931396961212158,0.0023692974355071783,-0.010991888120770454,-1.0219526290893555
247.393,1.1306633949279785,0.1764015555381775,1.7351411581039429,0.0015864211600273848,-0.012872202321887016,-1.020346760749817
247.403,1.148841381072998,0.13376009464263916,1.9241498708724976,0.003284367499873042,-0.00927206501364708,-1.02328360080719
247.413,1.1469714641571045,0.1486671268939972,1.8711187839508057,0.0025307212490588427,-0.012096584774553776,-1.024535894393921
247.423,1.1383416652679443,0.14014440774917603,1.816102385520935,0.0017835195176303387,-0.014103060588240623,-1.0231131315231323
247.433,1.1366586685180664,0.16025103628635406,1.759088158607483,0.0017991331405937672,-0.013686327263712883,-1.0212509632110596
247.443,1.1456632614135742,0.13534702360630035,1.9448788166046143,0.002415191615000367,-0.012830473482608795,-1.019485354423523
247.453,1.1397391557693481,0.13084174692630768,1.892662763595581,0.0023331132251769304,-0.011601698584854603,-1.0230305194854736
247.463,1.1443901062011719,0.13198111951351166,1.8384839296340942,0.002586802700534463,-0.01322025153785944,-1.0215559005737305
247.473,1.1367648839950562,0.1239503026008606,1.7823468446731567,0.0031726856250315905,-0.011848926544189453,-1.021973967552185
247.483,1.1570290327072144,0.11434569954872131,1.9526506662368774,0.0032219013664871454,-0.012258386239409447,-1.0208110809326172
247.493,1.1444299221038818,0.1280655562877655,1.9009019136428833,0.004065597429871559,-0.010698727332055569,-1.0225214958190918
247.503,1.1422532796859741,0.12180142104625702,1.8470494747161865,0.0022524851374328136,-0.011400613002479076,-1.0217211246490479
247.513,1.145917296409607,0.125606968998909,1.791245937347412,0.0013321622973307967,-0.01260797493159771,-1.024724006652832
247.523,1.1405388116836548,0.11352063715457916,1.7334750890731812,0.0030576344579458237,-0.011279679834842682,-1.0219553709030151
247.533,1.160304307937622,0.11487621068954468,1.9060381650924683,0.004277450498193502,-0.013850466348230839,-1.0216726064682007
247.543,1.1421966552734375,0.12602414190769196,1.8526805639266968,0.001836976851336658,-0.0126144764944911,-1.0212911367416382
247.553,1.1368954181671143,0.12193435430526733,1.7971289157867432,0.003634335473179817,-0.01217433251440525,-1.0216904878616333
247.563,1.1395704746246338,0.11904933303594589,1.7396599054336548,0.0026202809531241655,-0.012466716580092907,-1.0221929550170898
247.573,1.1565314531326294,0.09611842781305313,1.9144527912139893,0.002535292413085699,-0.01189952902495861,-1.0227582454681396
247.583,1.155215859413147,0.11428666114807129,1.861441731452942,0.0032332304399460554,-0.011432063765823841,-1.020075798034668
247.593,1.1453964710235596,0.11070357263088226,1.8064367771148682,0.001907224883325398,-0.012059190310537815,-1.0185465812683105
247.603,1.141861915588379,0.10446852445602417,1.749341368675232,0.0035419207997620106,-0.013024750165641308,-1.0218744277954102
247.613,1.1685465574264526,0.08293034136295319,1.9159235954284668,0.00370805524289608,-0.012205592356622219,-1.0238176584243774
247.623,1.1599701642990112,0.07624441385269165,1.8631116151809692,0.0031493105925619602,-0.014206442050635815,-1.0214911699295044
247.633,1.16227388381958,0.07613256573677063,1.8082410097122192,0.004390309099107981,-0.011365643702447414,-1.0226854085922241
247.643,1.1580525636672974,0.06797339022159576,1.7513712644577026,0.002765896962955594,-0.011701016686856747,-1.0209671258926392
247.653,1.1737574338912964,0.049746204167604446,1.9387375116348267,0.001969247357919812,-0.011464269831776619,-1.0198484659194946
247.663,1.170416235923767,0.06957225501537323,1.8872607946395874,0.0007152336766012013,-0.011308589950203896,-1.0211100578308105
247.673,1.1646792888641357,0.06004122644662857,1.8336988687515259,0.002791722770780325,-0.011712419800460339,-1.0226190090179443
247.683,1.1613918542861938,0.07880191504955292,1.7782633304595947,0.0021507844794541597,-0.01326881442219019,-1.0212481021881104
247.693,1.1769620180130005,0.055981967598199844,1.9621193408966064,0.0012827299069613218,-0.014766198582947254,-1.021247386932373
247.703,1.174544095993042,0.0791429728269577,1.9118114709854126,0.0037143160589039326,-0.013508889824151993,-1.021855354309082
247.713,1.1764312982559204,0.07940451055765152,1.85947847366333,0.005035897251218557,-0.01004370953887701,-1.0215144157409668
247.723,1.1678730249404907,0.07550560683012009,1.805134892463684,0.0020723084453493357,-0.010717026889324188,-1.022267460823059
247.733,1.1733036041259766,0.07420515269041061,1.748786211013794,-2.3603213321621297e-06,-0.011801074258983135,-1.021206021308899
247.743,1.1839202642440796,0.0447290763258934,1.9258164167404175,0.0031521040946245193,-0.011087180115282536,-1.0227781534194946
247.753,1.18045973777771,0.04045611992478371,1.874100685119629,0.003745768219232559,-0.012046691961586475,-1.021504282951355
247.763,1.1840856075286865,0.03611332178115845,1.8204466104507446,0.003974609076976776,-0.013733258470892906,-1.021138072013855
247.773,1.1779452562332153,0.029801402240991592,1.7591596841812134,0.002257648156955838,-0.011692529544234276,-1.02017343044281
247.783,1.2016301155090332,0.012355156242847443,1.9338555335998535,0.003381578251719475,-0.011936716735363007,-1.021965503692627
247.793,1.1935436725616455,0.006201163399964571,1.882669448852539,0.006586307659745216,-0.011532220989465714,-1.0207797288894653
247.803,1.180145263671875,0.024275926873087883,1.8295447826385498,0.003141329623758793,-0.011148030869662762,-1.020746111869812
247.813,1.1802493333816528,0.021355757489800453,1.7744632959365845,0.002887763548642397,-0.01161382719874382,-1.0222911834716797
247.823,1.194958209991455,-0.0036030046176165342,1.954345941543579,0.002891759155318141,-0.011042865924537182,-1.0220073461532593
247.833,1.1993838548660278,-0.00215109228156507,1.9040772914886475,0.003028989303857088,-0.012364664115011692,-1.0220738649368286
247.843,1.1893004179000854,-0.011615248396992683,1.8518924713134766,0.002557581290602684,-0.01241246983408928,-1.0220258235931396
247.853,1.1923766136169434,-0.010441525839269161,1.7976678609848022,0.00158253638073802,-0.012579478323459625,-1.0195114612579346
247.863,1.2001311779022217,-0.036814428865909576,1.995604395866394,0.001310934079810977,-0.012883135117590427,-1.0188648700714111
247.873,1.1976282596588135,-0.039869751781225204,1.9472072124481201,0.0009975706925615668,-0.013869771733880043,-1.0219149589538574
247.883,1.2007837295532227,-0.044855959713459015,1.8968992233276367,0.0016168906586244702,-0.013516413047909737,-1.0236564874649048
247.893,1.1933587789535522,-0.051980528980493546,1.844598650932312,0.004278269596397877,-0.012766821309924126,-1.021080493927002
247.903,1.2152236700057983,-0.06817097961902618,2.0156075954437256,0.004829767160117626,-0.012225843966007233,-1.0210814476013184
247.913,1.2123172283172607,-0.07987026870250702,1.9679120779037476,0.0033222343772649765,-0.012957802042365074,-1.0213385820388794
247.923,1.2096227407455444,-0.08738595247268677,1.9182509183883667,0.0008696912555024028,-0.013491671532392502,-1.0230072736740112
247.933,1.214829921722412,-0.08801043033599854,1.8666313886642456,0.001975925639271736,-0.01252759713679552,-1.0199477672576904
247.943,1.2087116241455078,-0.09760294109582901,1.8130398988723755,0.001352514373138547,-0.011010665446519852,-1.0203391313552856
247.953,1.2272125482559204,-0.10737743228673935,1.9808069467544556,0.002829017350450158,-0.010895561426877975,-1.022178053855896
247.963,1.2218564748764038,-0.118585966527462,1.9313961267471313,0.001683890586718917,-0.012531689368188381,-1.0221364498138428
247.973,1.217939853668213,-0.1285586804151535,1.8799781799316406,0.0028234042692929506,-0.013144046999514103,-1.021857500076294
247.983,1.221199631690979,-0.13338346779346466,1.8265821933746338,0.0018541389144957066,-0.012436953373253345,-1.022454023361206
247.993,1.228070616722107,-0.14262720942497253,1.9934097528457642,0.0034252649638801813,-0.01171304564923048,-1.021872639656067
248.003,1.2334834337234497,-0.14418861269950867,1.9440397024154663,0.003173429286107421,-0.013450907543301582,-1.0206161737442017
248.013,1.2246098518371582,-0.1536078304052353,1.8927785158157349,0.0014065225841477513,-0.013743593357503414,-1.0220378637313843
248.023,1.2195323705673218,-0.15967896580696106,1.8394031524658203,0.001754756667651236,-0.012876037508249283,-1.0225714445114136
248.033,1.2346802949905396,-0.1743876338005066,1.9954272508621216,0.002668489469215274,-0.013281753286719322,-1.0212663412094116
248.043,1.226049780845642,-0.180733785033226,1.9457552433013916,0.002580804517492652,-0.012912268750369549,-1.0211673974990845
248.053,1.2296680212020874,-0.1820359230041504,1.8940075635910034,0.0021878366824239492,-0.011768626980483532,-1.0206596851348877
248.063,1.2229689359664917,-0.1950625479221344,1.8402976989746094,0.0021478012204170227,-0.012029132805764675,-1.0211435556411743
248.073,1.2384883165359497,-0.22543679177761078,2.012910842895508,0.0020937565714120865,-0.013918313197791576,-1.0223009586334229
248.083,1.244086742401123,-0.23367884755134583,1.9635249376296997,0.0033305706456303596,-0.014657405205070972,-1.0224016904830933
248.093,1.233328104019165,-0.23280251026153564,1.9122756719589233,0.0020062457770109177,-0.013480544090270996,-1.0230170488357544
248.103,1.239119529724121,-0.23263320326805115,1.85893714427948,0.0008363552624359727,-0.012127073481678963,-1.0223160982131958
248.113,1.2356700897216797,-0.24520306289196014,1.8036211729049683,0.0014529229374602437,-0.011859842576086521,-1.0220470428466797
248.123,1.251705288887024,-0.282516747713089,1.971316933631897,0.0033978682477027178,-0.010238203220069408,-1.0207161903381348
248.133,1.251923680305481,-0.2835500240325928,1.9199213981628418,0.0034012983087450266,-0.01071192603558302,-1.0206208229064941
248.143,1.2517908811569214,-0.294838011264801,1.8664590120315552,0.002116769552230835,-0.010782192461192608,-1.0210137367248535
248.153,1.255152702331543,-0.2966245710849762,1.811037302017212,0.001084405230358243,-0.011705162934958935,-1.0216702222824097
248.163,1.268249750137329,-0.3338168263435364,1.9774397611618042,0.002015897771343589,-0.011175771243870258,-1.0208765268325806
248.173,1.2730385065078735,-0.3364783525466919,1.925827980041504,0.0026294556446373463,-0.012065608985722065,-1.0215439796447754
248.183,1.2675343751907349,-0.35160061717033386,1.8722665309906006,0.001993178389966488,-0.011140798218548298,-1.0197572708129883
248.193,1.2602965831756592,-0.3519248366355896,1.8167394399642944,0.0036897077225148678,-0.01147682685405016,-1.0197409391403198
248.203,1.2856775522232056,-0.38304969668388367,1.9726145267486572,0.0020356273744255304,-0.013029052875936031,-1.0209814310073853
248.213,1.2802919149398804,-0.39888402819633484,1.9205093383789062,0.00035206761094741523,-0.011743496172130108,-1.0205305814743042
248.223,1.2864333391189575,-0.40294790267944336,1.8663891553878784,0.002247004769742489,-0.012688452377915382,-1.0215059518814087
248.233,1.2790096998214722,-0.4139058589935303,1.8103468418121338,0.003008974716067314,-0.011662117205560207,-1.0235629081726074
248.243,1.2978529930114746,-0.45599427819252014,1.981167197227478,0.0006737536168657243,-0.014730352908372879,-1.0221318006515503
248.253,1.3003541231155396,-0.4585372507572174,1.929316520690918,0.0016643675044178963,-0.011202709749341011,-1.0216376781463623
248.263,1.2949618101119995,-0.4577518701553345,1.8755571842193604,0.004401705227792263,-0.009839123114943504,-1.0213559865951538
248.273,1.3008772134780884,-0.4610326290130615,1.8197436332702637,0.0035647801123559475,-0.009918619878590107,-1.0216280221939087
248.283,1.323534369468689,-0.5069178938865662,1.987762212753296,0.005345904268324375,-0.011473665945231915,-1.0222638845443726
248.293,1.3189489841461182,-0.5024909377098083,1.936085820198059,0.003811301663517952,-0.012595153413712978,-1.0208868980407715
248.303,1.3225868940353394,-0.5098274946212769,1.882413387298584,0.002642991254106164,-0.012538064271211624,-1.0191500186920166
248.313,1.3134980201721191,-0.5105248093605042,1.8268259763717651,0.004480915144085884,-0.012165643274784088,-1.0226380825042725
248.323,1.3199639320373535,-0.5136727094650269,1.7691787481307983,0.0022540900390595198,-0.011527164839208126,-1.0219509601593018
248.333,1.3368009328842163,-0.5711670517921448,1.9370133876800537,0.0036929610650986433,-0.010661197826266289,-1.0215548276901245
248.343,1.3371179103851318,-0.5841526985168457,1.8832848072052002,0.003076818073168397,-0.013005402870476246,-1.0237942934036255
248.353,1.3371803760528564,-0.5737031102180481,1.8276026248931885,0.0005557358963415027,-0.011761306785047054,-1.0217689275741577
248.363,1.3346105813980103,-0.5905838012695312,1.7699302434921265,0.001223091734573245,-0.012542812153697014,-1.021229863166809
248.373,1.370774745941162,-0.6546133160591125,1.9293463230133057,0.003226403845474124,-0.013246804475784302,-1.0242793560028076
248.383,1.3686782121658325,-0.673288106918335,1.8753513097763062,0.004649648908525705,-0.012420461513102055,-1.023087739944458
248.393,1.3697631359100342,-0.6824924945831299,1.8193082809448242,0.0025460056494921446,-0.01288306713104248,-1.0223674774169922
248.403,1.3649345636367798,-0.6768516302108765,1.761400818824768,0.003078901208937168,-0.012191560119390488,-1.0234811305999756
248.413,1.3963712453842163,-0.7550612092018127,1.9249563217163086,0.0035258550196886063,-0.011511567048728466,-1.0223326683044434
248.423,1.399248480796814,-0.7535424828529358,1.8708386421203613,0.002957634162157774,-0.01298762671649456,-1.0199650526046753
248.433,1.3922079801559448,-0.7613024711608887,1.814815640449524,0.0017920501995831728,-0.013606949709355831,-1.019529104232788
248.443,1.3960250616073608,-0.7754307985305786,1.7567176818847656,0.002182843629270792,-0.012839839793741703,-1.0216048955917358
248.453,1.4318993091583252,-0.8538154363632202,1.9347279071807861,0.0036617908626794815,-0.01380487997084856,-1.0237116813659668
248.463,1.4374462366104126,-0.854711651802063,1.8813308477401733,0.001629559090360999,-0.011595112271606922,-1.0226786136627197
248.473,1.4438916444778442,-0.8603212833404541,1.8259434700012207,0.0028195425402373075,-0.011383318342268467,-1.0233246088027954
248.483,1.4394117593765259,-0.873155415058136,1.7686426639556885,0.0042759329080581665,-0.012979504652321339,-1.0206185579299927
248.493,1.4789249897003174,-0.9606418013572693,1.9478422403335571,0.0035161846317350864,-0.012115773744881153,-1.0210829973220825
248.503,1.4671947956085205,-0.9434118270874023,1.8952628374099731,0.0022765686735510826,-0.01409811433404684,-1.0233393907546997
248.513,1.4547297954559326,-0.9292448163032532,1.8407427072525024,0.001839115866459906,-0.011076207272708416,-1.0231359004974365
248.523,1.4617347717285156,-0.9330902695655823,1.7840893268585205,0.0030446576420217752,-0.010397163219749928,-1.0224064588546753
248.533,1.453076720237732,-0.9247483015060425,1.7255834341049194,0.004826181102544069,-0.012602976523339748,-1.0201117992401123
248.543,1.4962095022201538,-1.0222183465957642,1.8978255987167358,0.0005344341625459492,-0.013521733693778515,-1.0206972360610962
248.553,1.48296058177948,-1.0062170028686523,1.8435267210006714,0.00239439494907856,-0.013221167027950287,-1.0215801000595093
248.563,1.4691556692123413,-0.9911327362060547,1.7872506380081177,0.0034258069936186075,-0.01328291930258274,-1.023333191871643
248.573,1.477177381515503,-0.9953680634498596,1.7288551330566406,0.0022438254673033953,-0.012138009071350098,-1.0224096775054932
248.583,1.5116193294525146,-1.0927602052688599,1.9006993770599365,0.003299760865047574,-0.011431566439568996,-1.020365595817566
248.593,1.5178581476211548,-1.0952740907669067,1.8465006351470947,0.0027866456657648087,-0.014057756401598454,-1.0197945833206177
248.603,1.501060128211975,-1.0828611850738525,1.7904796600341797,0.0014105394948273897,-0.011773794889450073,-1.0211355686187744
248.613,1.5489948987960815,-1.2045866250991821,1.9444162845611572,0.0015644137747585773,-0.010446980595588684,-1.021983027458191
248.623,1.5524288415908813,-1.2150847911834717,1.891819953918457,0.002648579189553857,-0.013149986043572426,-1.0225142240524292
248.633,1.5539216995239258,-1.2314180135726929,1.8372595310211182,0.0007307764026336372,-0.013192218728363514,-1.0229779481887817
248.643,1.5577633380889893,-1.2431857585906982,1.7807109355926514,0.004212901461869478,-0.014827542938292027,-1.0238815546035767
248.653,1.5836676359176636,-1.3321841955184937,1.9370399713516235,0.004315226338803768,-0.013566458597779274,-1.022786021232605
248.663,1.5884754657745361,-1.3473970890045166,1.884495735168457,0.004030365962535143,-0.011936403810977936,-1.0207821130752563
248.673,1.596200942993164,-1.351798176765442,1.8299444913864136,0.00236691371537745,-0.013645430095493793,-1.020411491394043
248.683,1.5771636962890625,-1.3406665325164795,1.7735671997070312,0.0017863353714346886,-0.014116121456027031,-1.02176833152771
248.693,1.5852452516555786,-1.3395744562149048,1.7150299549102783,0.0012859369162470102,-0.012371198274195194,-1.0211390256881714
248.703,1.6241730451583862,-1.4432436227798462,1.8870333433151245,0.0018870716448873281,-0.013516784645617008,-1.0221525430679321
248.713,1.6134521961212158,-1.421852707862854,1.8329752683639526,0.004038714803755283,-0.01115216501057148,-1.021217942237854
248.723,1.6164109706878662,-1.4314029216766357,1.7768367528915405,0.003896977985277772,-0.011870692484080791,-1.0202510356903076
248.733,1.5973626375198364,-1.3988152742385864,1.7188658714294434,0.0021216801833361387,-0.012861638329923153,-1.0198627710342407
248.743,1.6639779806137085,-1.5251715183258057,1.892646074295044,0.0012227678671479225,-0.012467868626117706,-1.0192540884017944
248.753,1.6448923349380493,-1.5078099966049194,1.839072346687317,0.00250114849768579,-0.011859258636832237,-1.0195791721343994
248.763,1.6489664316177368,-1.5228033065795898,1.7834120988845825,0.003494185395538807,-0.012088734656572342,-1.0202033519744873
248.773,1.6241792440414429,-1.496868371963501,1.7259248495101929,0.003134986152872443,-0.012147684581577778,-1.0223923921585083
248.783,1.666118860244751,-1.5891717672348022,1.8915784358978271,0.002229159465059638,-0.012830615043640137,-1.018870234489441
248.793,1.676162600517273,-1.5971989631652832,1.8380628824234009,0.002567534102126956,-0.01191119197756052,-1.0204682350158691
248.803,1.6790363788604736,-1.6064850091934204,1.7825783491134644,0.0024605097714811563,-0.012963337823748589,-1.0204886198043823
248.813,1.686765432357788,-1.6092610359191895,1.7251206636428833,0.002062365645542741,-0.012743520550429821,-1.0216574668884277
248.823,1.7337305545806885,-1.7253607511520386,1.8903671503067017,0.003778295824304223,-0.011896932497620583,-1.023492455482483
248.833,1.7426962852478027,-1.7299011945724487,1.837057113647461,0.0035345633514225483,-0.010912683792412281,-1.0217541456222534
248.843,1.7504336833953857,-1.7334647178649902,1.7817647457122803,0.0024390898179262877,-0.013701901771128178,-1.0219917297363281
248.853,1.7299652099609375,-1.7091561555862427,1.724664330482483,0.001863236422650516,-0.013582952320575714,-1.0215705633163452
248.863,1.8091647624969482,-1.8623236417770386,1.909863829612732,0.003550805849954486,-0.012946556322276592,-1.0235766172409058
248.873,1.7864763736724854,-1.8436506986618042,1.8579789400100708,0.003434808226302266,-0.013068785890936852,-1.0228065252304077
248.883,1.7954689264297485,-1.8520820140838623,1.8039335012435913,0.003028018167242408,-0.014366229064762592,-1.0201656818389893
248.893,1.8042263984680176,-1.855667233467102,1.7478952407836914,0.0032701916061341763,-0.012171306647360325,-1.0204811096191406
248.903,1.78097403049469,-1.8310877084732056,1.6901307106018066,0.002956542419269681,-0.011176315136253834,-1.020601511001587
248.913,1.8601082563400269,-1.9744168519973755,1.8760219812393188,0.0012403909349814057,-0.012463434599339962,-1.023833990097046
248.923,1.8642874956130981,-1.9893510341644287,1.822939157485962,-0.0008381520165130496,-0.012704926542937756,-1.0210391283035278
248.933,1.8749371767044067,-1.9922102689743042,1.7678264379501343,0.0018514972180128098,-0.012798343785107136,-1.0206609964370728
248.943,1.8852782249450684,-2.0034422874450684,1.7107781171798706,0.0031056334264576435,-0.010675049386918545,-1.0217314958572388
248.953,1.9555444717407227,-2.1493358612060547,1.8867745399475098,0.003297655377537012,-0.012469206936657429,-1.0221717357635498
248.963,1.9671467542648315,-2.1590449810028076,1.8342403173446655,0.0024705291725695133,-0.014146161265671253,-1.020703673362732
248.973,1.973449468612671,-2.176764965057373,1.7797636985778809,0.002631906885653734,-0.013487419113516808,-1.022350788116455
248.983,1.9415909051895142,-2.1282753944396973,1.7237415313720703,0.002972858026623726,-0.011781061068177223,-1.0224915742874146
248.993,2.011543035507202,-2.265671968460083,1.8903042078018188,0.0033932209480553865,-0.011325434781610966,-1.021164894104004
249.003,1.9714800119400024,-2.2234139442443848,1.8384867906570435,0.0017253183759748936,-0.012007533572614193,-1.022783637046814
249.013,1.9828850030899048,-2.2363128662109375,1.7843225002288818,0.001055820961482823,-0.012190300971269608,-1.0223474502563477
249.023,1.9904303550720215,-2.2475852966308594,1.728168249130249,0.0015797597588971257,-0.013154765591025352,-1.0207173824310303
249.033,2.020500421524048,-2.339482069015503,1.921824336051941,0.0013728482881560922,-0.01414051279425621,-1.0220867395401
249.043,2.0322442054748535,-2.352113723754883,1.8712713718414307,0.0019781331066042185,-0.012761367484927177,-1.0196524858474731
249.053,2.004037380218506,-2.322495937347412,1.8190182447433472,0.002549507888033986,-0.012373817153275013,-1.0213344097137451
249.063,2.008810043334961,-2.3385143280029297,1.7645386457443237,0.002026972360908985,-0.011637087911367416,-1.0228101015090942
249.073,2.0926687717437744,-2.4989378452301025,1.9393532276153564,6.560196925420314e-05,-0.01102379895746708,-1.0214900970458984
249.083,2.105764865875244,-2.5036416053771973,1.8897321224212646,0.0019178192596882582,-0.011828402988612652,-1.0231044292449951
249.093,2.118774652481079,-2.519120216369629,1.8329219818115234,0.0035599316470324993,-0.012887970544397831,-1.020801305770874
249.103,2.126410484313965,-2.5254013538360596,1.7791531085968018,0.0008206570637412369,-0.01442300621420145,-1.0210367441177368
249.113,2.138158082962036,-2.5382843017578125,1.7177892923355103,0.0019316578982397914,-0.0138418423011899,-1.0236817598342896
249.123,2.224682569503784,-2.6942787170410156,1.8949888944625854,0.0026414094027131796,-0.01125525776296854,-1.0228744745254517
249.133,2.2383103370666504,-2.700315475463867,1.8438564538955688,0.0023886379785835743,-0.010643381625413895,-1.0216515064239502
249.143,2.2412476539611816,-2.711430311203003,1.790772557258606,0.001505254302173853,-0.010787132196128368,-1.0214143991470337
249.153,2.2580299377441406,-2.718874454498291,1.7357033491134644,0.0013340034056454897,-0.01369305606931448,-1.0209689140319824
249.163,2.342496395111084,-2.8742620944976807,1.906306266784668,0.004138585180044174,-0.011817006394267082,-1.0211108922958374
249.173,2.3533692359924316,-2.888291835784912,1.8558061122894287,0.0015630096895620227,-0.012305506505072117,-1.0229016542434692
249.183,2.3675267696380615,-2.887159585952759,1.8033006191253662,0.0006568802637048066,-0.013068818487226963,-1.0210891962051392
249.193,2.3734476566314697,-2.9072272777557373,1.7489508390426636,0.002081401413306594,-0.012280500493943691,-1.021157145500183
249.203,2.461169481277466,-3.051297664642334,1.9144964218139648,0.0037682338152080774,-0.012635044753551483,-1.0206501483917236
249.213,2.475696325302124,-3.071171522140503,1.8645565509796143,0.0004694255185313523,-0.012422527186572552,-1.021061897277832
249.223,2.4873857498168945,-3.0959885120391846,1.807357668876648,0.00023508965387009084,-0.011555715464055538,-1.021247386932373
249.233,2.4907305240631104,-3.0783274173736572,1.8073303699493408,0.001716561964713037,-0.012678100727498531,-1.0229243040084839
249.243,2.5633671283721924,-3.23374342918396,1.9569495916366577,0.00387773010879755,-0.010139476507902145,-1.0220168828964233
249.253,2.5819342136383057,-3.2377853393554688,1.9089748859405518,0.0038551564794033766,-0.012528302147984505,-1.02141273021698
249.263,2.593980312347412,-3.2533254623413086,1.8591256141662598,0.004779202397912741,-0.012216013856232166,-1.022725224494934
249.273,2.6073296070098877,-3.2674388885498047,1.807276725769043,0.002628152724355459,-0.012764533050358295,-1.0215954780578613
249.283,2.689920425415039,-3.4072225093841553,1.9612839221954346,0.0015516792191192508,-0.011938169598579407,-1.0195643901824951
249.293,2.6586990356445312,-3.410966396331787,1.9146358966827393,0.0009403389994986355,-0.012918837368488312,-1.0208580493927002
249.303,2.678833484649658,-3.4146480560302734,1.8652594089508057,0.0025462238118052483,-0.01201572548598051,-1.0226459503173828
249.313,2.6909029483795166,-3.435192823410034,1.814051866531372,0.001599760609678924,-0.012415626086294651,-1.0211248397827148
249.323,2.705550193786621,-3.4428515434265137,1.7607805728912354,0.0031084746588021517,-0.012266824021935463,-1.022157907485962
249.333,2.817363739013672,-3.620551586151123,1.9389011859893799,0.0037947967648506165,-0.013482565991580486,-1.021860122680664
249.343,2.8232107162475586,-3.6387364864349365,1.8911000490188599,0.0016945591196417809,-0.012512154877185822,-1.0210633277893066
249.353,2.8466103076934814,-3.6454265117645264,1.8412622213363647,0.0029545100405812263,-0.01261875219643116,-1.019715428352356
249.363,2.938265800476074,-3.8094446659088135,1.9818308353424072,0.0023420494981110096,-0.011956433765590191,-1.0201512575149536
249.373,2.921422004699707,-3.820035696029663,1.936453938484192,0.002773751737549901,-0.011746621690690517,-1.0197548866271973
249.383,2.938930034637451,-3.8227875232696533,1.888425588607788,0.0012031039223074913,-0.013586302287876606,-1.02129065990448
249.393,2.9190802574157715,-3.849001884460449,1.8393281698226929,0.003080743830651045,-0.013460208661854267,-1.0218257904052734
249.403,3.000079870223999,-4.017845630645752,1.9750308990478516,0.003196324920281768,-0.012546267360448837,-1.021653413772583
249.413,3.014021158218384,-4.041210174560547,1.9286694526672363,0.002669945126399398,-0.010958276689052582,-1.0218952894210815
249.423,3.0329318046569824,-4.050780773162842,1.8802698850631714,0.001953457947820425,-0.011085689067840576,-1.0196490287780762
249.433,3.1515555381774902,-4.244563102722168,1.9962754249572754,0.001976166618987918,-0.013771611265838146,-1.019765853881836
249.443,3.053126811981201,-4.145475387573242,1.95139741897583,0.0007528364076279104,-0.012739772908389568,-1.0205479860305786
249.453,3.0123040676116943,-4.1913957595825195,1.9042190313339233,0.004490967839956284,-0.01206215936690569,-1.022093415260315
249.463,2.898081064224243,-4.0807952880859375,1.855389952659607,0.0039254240691661835,-0.01146190520375967,-1.0235047340393066
249.473,3.0038676261901855,-4.308866024017334,1.9695130586624146,0.003322468139231205,-0.014245016500353813,-1.0248812437057495
249.483,2.8640124797821045,-4.213255405426025,1.9227516651153564,0.004397234879434109,-0.011671922169625759,-1.0223997831344604
249.493,2.714461326599121,-4.081226348876953,1.874449610710144,0.0035317877773195505,-0.012807995080947876,-1.0231844186782837
249.503,2.7148332595825195,-4.081546783447266,1.8229279518127441,0.0019370982190594077,-0.012661420740187168,-1.0254342555999756
249.513,2.717182159423828,-4.208153247833252,1.9409924745559692,0.0014690204989165068,-0.014027114026248455,-1.0220118761062622
249.523,2.676509141921997,-4.211512565612793,1.8924826383590698,0.0025612639728933573,-0.012452419847249985,-1.02327299118042
249.533,2.5378191471099854,-4.096638202667236,1.841579794883728,0.002400440163910389,-0.011839494109153748,-1.0227915048599243
249.543,2.556511402130127,-4.098637104034424,1.7891255617141724,0.00023516071087215096,-0.011689073406159878,-1.022589087486267
249.553,2.3973681926727295,-3.934403896331787,1.733315110206604,0.0025110412389039993,-0.012917091138660908,-1.0245718955993652
249.563,2.5579402446746826,-4.203227519989014,1.8855992555618286,0.003064510179683566,-0.012249235063791275,-1.0228891372680664
249.573,2.568855047225952,-4.212655544281006,1.8351761102676392,0.002621772000566125,-0.01212327741086483,-1.0240790843963623
249.583,2.5856688022613525,-4.237461566925049,1.7831828594207764,0.0024019309785217047,-0.01283851359039545,-1.0219805240631104
249.593,2.6065900325775146,-4.24337911605835,1.7292165756225586,0.0005867129657417536,-0.013111024163663387,-1.02089524269104
249.603,2.9222211837768555,-4.627735137939453,1.8729746341705322,0.0018005174351856112,-0.011709483340382576,-1.0224239826202393
249.613,2.9303760528564453,-4.659847736358643,1.822851538658142,0.0007601176621392369,-0.010948201641440392,-1.0233452320098877
249.623,2.967034101486206,-4.665782928466797,1.7709288597106934,0.0011064085410907865,-0.011169307865202427,-1.0225430727005005
249.633,2.988001823425293,-4.69758415222168,1.717092752456665,0.0013837802689522505,-0.012081672437489033,-1.0229908227920532
249.643,3.2638394832611084,-5.071269512176514,1.8633512258529663,0.002833099104464054,-0.011932799592614174,-1.022287368774414
249.653,3.295586347579956,-5.074454307556152,1.8131135702133179,0.003962978255003691,-0.012738463468849659,-1.021150827407837
249.663,3.304661989212036,-5.103787422180176,1.7609553337097168,0.0019541424699127674,-0.013195276260375977,-1.0213050842285156
249.673,3.3410279750823975,-5.115411281585693,1.7068791389465332,0.003279510186985135,-0.014342399314045906,-1.0212756395339966
249.683,3.542224168777466,-5.452449798583984,1.851601004600525,0.00185050955042243,-0.012260843999683857,-1.0203256607055664
249.693,3.5690979957580566,-5.465758800506592,1.8013432025909424,0.002577453386038542,-0.011252184398472309,-1.022740125656128
249.703,3.5995538234710693,-5.470588684082031,1.7491412162780762,0.0038047118578106165,-0.012681427411735058,-1.0223544836044312
249.713,3.6154305934906006,-5.504604816436768,1.6951444149017334,0.003219683188945055,-0.012943129986524582,-1.0213088989257812
249.723,3.6449058055877686,-5.505741119384766,1.6390588283538818,0.0025396421551704407,-0.012136104516685009,-1.0233951807022095
249.733,3.7869696617126465,-5.8112592697143555,1.7929993867874146,0.00485796295106411,-0.012246809899806976,-1.0208996534347534
249.743,3.812771797180176,-5.813518047332764,1.7411386966705322,0.003749466734007001,-0.010573554784059525,-1.0207175016403198
249.753,3.8344860076904297,-5.84848690032959,1.687587857246399,0.0019414197886362672,-0.011847183108329773,-1.0212069749832153
249.763,3.863980770111084,-5.860284328460693,1.631888508796692,0.002906735986471176,-0.012850495986640453,-1.0216412544250488
249.773,3.979926824569702,-6.189573764801025,1.797037959098816,0.003960504196584225,-0.011881507933139801,-1.0213593244552612
249.783,3.9953439235687256,-6.213151454925537,1.746606469154358,0.0032027328852564096,-0.011630980297923088,-1.0202021598815918
249.793,4.031327724456787,-6.234757423400879,1.6940667629241943,0.003518157172948122,-0.01401080284267664,-1.0208368301391602
249.803,4.051263809204102,-6.264242172241211,1.639844536781311,0.0025945533998310566,-0.01249048300087452,-1.0208250284194946
249.813,4.190069198608398,-6.603137969970703,1.7911003828048706,0.001904370030388236,-0.012766227126121521,-1.0217877626419067
249.823,4.21098518371582,-6.6356987953186035,1.7412793636322021,0.0022389430087059736,-0.012645662762224674,-1.0244544744491577
249.833,4.16743278503418,-6.657370567321777,1.6905382871627808,0.0022806792985647917,-0.012680819258093834,-1.021358847618103
249.843,4.16493558883667,-6.71212100982666,1.637412190437317,0.0005028771702200174,-0.011860721744596958,-1.0208009481430054
249.853,4.265758991241455,-7.1118950843811035,1.7725425958633423,0.0035885788965970278,-0.012018593959510326,-1.0202542543411255
249.863,4.221846103668213,-7.131532192230225,1.7236465215682983,0.0031128108967095613,-0.012680760584771633,-1.0202560424804688
249.873,4.224527835845947,-7.1845903396606445,1.6722604036331177,0.002312012715265155,-0.010928669013082981,-1.0208652019500732
249.883,4.173343181610107,-7.205598831176758,1.6193456649780273,0.0014816951006650925,-0.014000576920807362,-1.0220084190368652
249.893,4.186790943145752,-7.254205703735352,1.5640735626220703,0.0021622071508318186,-0.013654285110533237,-1.0242271423339844
249.903,4.414673805236816,-7.8022894859313965,1.7215547561645508,0.0038898030761629343,-0.014510019682347775,-1.0233529806137085
249.913,4.373779296875,-7.838114261627197,1.671741247177124,0.0008610622608102858,-0.013190806843340397,-1.0216503143310547
249.923,4.398358345031738,-7.865516185760498,1.6192651987075806,0.0021043072920292616,-0.013973536901175976,-1.0190510749816895
249.933,4.387642860412598,-7.937142848968506,1.5654115676879883,0.0029851801227778196,-0.01247008889913559,-1.0187197923660278
249.943,4.7608642578125,-8.5340576171875,1.7116053104400635,-3.762242340599187e-05,-0.011003944091498852,-1.022201657295227
249.953,4.772607326507568,-8.600282669067383,1.6622886657714844,0.002325056353583932,-0.012671883217990398,-1.0220363140106201
249.963,4.801148414611816,-8.658398628234863,1.611471176147461,0.0031064299400895834,-0.013381179422140121,-1.0206912755966187
249.973,4.833196640014648,-8.69536304473877,1.558502435684204,0.002381344558671117,-0.014334813691675663,-1.0221567153930664
249.983,5.168664455413818,-9.286678314208984,1.6872488260269165,0.0011718868045136333,-0.01229647733271122,-1.0223292112350464
249.993,5.194136619567871,-9.343815803527832,1.6387782096862793,0.00472153490409255,-0.012244298122823238,-1.0212256908416748
250.003,5.174965858459473,-9.3897123336792,1.5886337757110596,0.003281756304204464,-0.01324666477739811,-1.0202206373214722
250.013,5.207400321960449,-9.439865112304688,1.536389708518982,0.0016151877352967858,-0.011681961826980114,-1.020784854888916
250.023,5.570923805236816,-10.033280372619629,1.6596208810806274,0.0020695568528026342,-0.01184739638119936,-1.0236140489578247
