143.795,0.8487801551818848,-0.11591934412717819,-0.15749655663967133,0.01317416038364172,0.00961953867226839,1.0004773139953613
143.805,0.832836925983429,-0.1225079670548439,-0.1721901148557663,0.013413353823125362,0.008210321888327599,0.9994907975196838
143.815,0.823980450630188,-0.12578360736370087,-0.1814602166414261,0.011864574626088142,0.007313012611120939,0.9998621344566345
143.825,0.8083290457725525,-0.13225790858268738,-0.1959143579006195,0.012141223065555096,0.009142108261585236,0.9991820454597473
143.835,0.7993776798248291,-0.135589599609375,-0.2052326649427414,0.012084231711924076,0.008303615264594555,0.9989762902259827
143.845,0.784251868724823,-0.1418357938528061,-0.2192661613225937,0.009684921242296696,0.007363199722021818,0.9996022582054138
143.855,0.7752178907394409,-0.14521539211273193,-0.22862690687179565,0.008217133581638336,0.00835186243057251,0.9980274438858032
143.865,0.7603924870491028,-0.15130473673343658,-0.24235396087169647,0.010520324110984802,0.008372636511921883,0.9987382888793945
143.875,0.7512775659561157,-0.15472784638404846,-0.2517510652542114,0.012612391263246536,0.00836238358169794,0.9984681606292725
143.885,0.7369155883789062,-0.16062359511852264,-0.2650858163833618,0.011099778115749359,0.008492396213114262,1.0008108615875244
143.895,0.7277346253395081,-0.16408436000347137,-0.2745128273963928,0.0119021562859416,0.008027343079447746,0.9996756315231323
143.905,0.7137719988822937,-0.16981492936611176,-0.2874850928783417,0.010602621361613274,0.007883090525865555,0.9989265203475952
143.915,0.7045342922210693,-0.17330995202064514,-0.2969343662261963,0.010717060416936874,0.006952039431780577,0.9988025426864624
143.925,0.6916822791099548,-0.17857907712459564,-0.30896252393722534,0.010632859542965889,0.008776783011853695,0.9999034404754639
143.935,0.6824102401733398,-0.1820978820323944,-0.3184243440628052,0.011948592029511929,0.007857313379645348,0.9988128542900085
143.945,0.669449508190155,-0.18742011487483978,-0.33052128553390503,0.013211695477366447,0.006281842943280935,0.9987874627113342
143.955,0.6601417660713196,-0.1909642219543457,-0.3399946093559265,0.013487035408616066,0.006028240546584129,0.9997397065162659
143.965,0.6477715969085693,-0.19604024291038513,-0.3515682816505432,0.012007269077003002,0.007517744787037373,1.0018984079360962
143.975,0.6384428143501282,-0.19960667192935944,-0.36104631423950195,0.011391702108085155,0.007422976195812225,1.0018813610076904
143.985,0.6267205476760864,-0.20444346964359283,-0.37204858660697937,0.011533896438777447,0.007388568948954344,0.9995452165603638
143.995,0.6173807978630066,-0.20802614092826843,-0.3815211355686188,0.013809537515044212,0.00809631496667862,1.000830888748169
144.005,0.6063638925552368,-0.21255655586719513,-0.3918849229812622,0.013369976542890072,0.007786199450492859,0.999427318572998
144.015,0.5970264077186584,-0.21614830195903778,-0.40134644508361816,0.013741745613515377,0.008289694786071777,0.9988802075386047
144.025,0.5860664248466492,-0.22068659961223602,-0.4116740822792053,0.013453351333737373,0.0072460658848285675,1.0002681016921997
144.035,0.576735258102417,-0.22428812086582184,-0.42112600803375244,0.013639659620821476,0.006847360171377659,1.000863790512085
144.045,0.5670120716094971,-0.22829240560531616,-0.4303502142429352,0.011978480964899063,0.007904321886599064,1.0013238191604614
144.055,0.5577072501182556,-0.23189283907413483,-0.43977847695350647,0.010532019659876823,0.00727184908464551,0.9984962344169617
144.065,0.5484234094619751,-0.23547986149787903,-0.44920650124549866,0.009780342690646648,0.007300139404833317,1.0003070831298828
144.075,0.5391591787338257,-0.2390531599521637,-0.4586353302001953,0.01234721951186657,0.007602958474308252,0.9995916485786438
144.085,0.5299143195152283,-0.2426130175590515,-0.46806463599205017,0.01326044276356697,0.007178649306297302,0.9992269277572632
144.095,0.520690381526947,-0.24615968763828278,-0.47749462723731995,0.013457780703902245,0.007142258808016777,0.9994456171989441
144.105,0.511488139629364,-0.24969317018985748,-0.48692557215690613,0.0143342986702919,0.0076331389136612415,0.9997443556785583
144.115,0.5023085474967957,-0.2532133460044861,-0.49635687470436096,0.011591936461627483,0.008749463595449924,0.9990003108978271
144.125,0.4931514859199524,-0.2567198872566223,-0.5057889223098755,0.01106343511492014,0.007990797981619835,1.0000314712524414
144.135,0.4840151369571686,-0.2602124512195587,-0.5152220129966736,0.010681348852813244,0.0070850127376616,1.0000823736190796
144.145,0.4748985171318054,-0.2636910378932953,-0.5246555209159851,0.012253996916115284,0.008177665062248707,1.001407265663147
144.155,0.4658016264438629,-0.26715603470802307,-0.5340887904167175,0.012915795668959618,0.009184413589537144,0.9981192946434021
144.165,0.4567258656024933,-0.2706071138381958,-0.5435219407081604,0.011432201601564884,0.0074624475091695786,1.0000275373458862
144.175,0.44767165184020996,-0.2740437984466553,-0.5529564023017883,0.010098965838551521,0.007863246835768223,1.00050950050354
144.185,0.41759005188941956,-0.286907821893692,-0.5786563158035278,0.012419969774782658,0.007144434843212366,0.9995936155319214
144.195,0.40821123123168945,-0.2905254364013672,-0.5882086157798767,0.012759326957166195,0.007506256923079491,1.000283122062683
144.205,0.3951941132545471,-0.2960590124130249,-0.5996074080467224,0.012617412954568863,0.008328674361109734,0.9980804920196533
144.215,0.38577356934547424,-0.29971152544021606,-0.6091489791870117,0.010812200605869293,0.00830814242362976,0.998921811580658
144.225,0.37764039635658264,-0.3030717372894287,-0.6164475083351135,0.011511249467730522,0.008354688994586468,0.9999067783355713
144.235,0.3682532012462616,-0.3067132234573364,-0.6259439587593079,0.013222203589975834,0.007273227442055941,0.9994531273841858
144.245,0.3614610433578491,-0.30953270196914673,-0.6321293711662292,0.012421677820384502,0.00826204288750887,1.0008461475372314
144.255,0.3521290719509125,-0.31315574049949646,-0.6415693163871765,0.012249646708369255,0.009041125886142254,0.9982047080993652
144.265,0.34631627798080444,-0.31554606556892395,-0.6469621658325195,0.010848067700862885,0.008373546414077282,0.9993863105773926
144.275,0.3370532691478729,-0.31914186477661133,-0.656341552734375,0.010297372005879879,0.007327116094529629,1.0009685754776
144.285,0.3314322233200073,-0.3214748501777649,-0.661570131778717,0.01249629259109497,0.005938482005149126,0.9997605681419373
144.295,0.32223689556121826,-0.32504603266716003,-0.6708856821060181,0.01212257333099842,0.007462478708475828,1.0003457069396973
144.305,0.31720250844955444,-0.3270966112613678,-0.6755683422088623,0.011306346394121647,0.007889478467404842,0.9975112676620483
144.315,0.30808278918266296,-0.33063995838165283,-0.6848162412643433,0.010574528947472572,0.007189256139099598,0.9961823225021362
144.325,0.3027023375034332,-0.33283138275146484,-0.6897903084754944,0.011718731373548508,0.008523360826075077,0.9981272220611572
144.335,0.29364824295043945,-0.33634844422340393,-0.6989783048629761,0.0123387910425663,0.00782125536352396,0.9989898800849915
144.345,0.2888730764389038,-0.33825480937957764,-0.7033973336219788,0.011420898139476776,0.008760107681155205,1.0008127689361572
144.355,0.27989211678504944,-0.34173980355262756,-0.712518036365509,0.011833439581096172,0.008211574517190456,1.0017634630203247
144.365,0.27531516551971436,-0.3435758352279663,-0.7167564630508423,0.012245599180459976,0.007800609339028597,1.0003403425216675
144.375,0.26640862226486206,-0.34702861309051514,-0.7258042693138123,0.015160541981458664,0.008618315681815147,0.9998903870582581
144.385,0.2628156244754791,-0.34847748279571533,-0.7291625738143921,0.013016183860599995,0.008097182027995586,0.9991883635520935
144.395,0.2539999783039093,-0.35189417004585266,-0.7381324768066406,0.01064546499401331,0.010308567434549332,0.9993836283683777
144.405,0.2495908886194229,-0.3536706268787384,-0.7421773076057434,0.011926094070076942,0.007923032157123089,0.9999336004257202
144.415,0.24084866046905518,-0.3570556640625,-0.7510766386985779,0.010766969993710518,0.00781844463199377,1.0003482103347778
144.425,0.23707866668701172,-0.35861384868621826,-0.7545356154441833,0.011742818169295788,0.0085466168820858,1.0011909008026123
144.435,0.22841578722000122,-0.3619685173034668,-0.7633587121963501,0.012771312147378922,0.009639034047722816,1.0007386207580566
144.445,0.22458578646183014,-0.3635917603969574,-0.7668709754943848,0.01204247958958149,0.007986847311258316,0.9997438192367554
144.455,0.2160027176141739,-0.36691880226135254,-0.775618314743042,0.01130769308656454,0.008634188212454319,1.0004526376724243
144.465,0.21252261102199554,-0.36839568614959717,-0.7787831425666809,0.011710068210959435,0.00905690062791109,1.0000383853912354
144.475,0.20402060449123383,-0.37169384956359863,-0.7874539494514465,0.0118149658665061,0.010285665281116962,0.9993854761123657
144.485,0.2010926604270935,-0.3728908598423004,-0.7900578379631042,0.011427213437855244,0.006880163215100765,0.9993492364883423
144.495,0.19267483055591583,-0.3761533796787262,-0.798648476600647,0.011910040862858295,0.0065615554340183735,0.9994853138923645
144.505,0.19033658504486084,-0.37715718150138855,-0.8007330298423767,0.013209560886025429,0.007686121389269829,0.9990127086639404
144.515,0.18201075494289398,-0.38038790225982666,-0.8092412948608398,0.011579291895031929,0.009496594779193401,0.9984273314476013
144.525,0.17834296822547913,-0.38192036747932434,-0.8125754594802856,0.011741253547370434,0.009669042192399502,1.000719428062439
144.535,0.1701018512248993,-0.38511985540390015,-0.8210048675537109,0.012719654478132725,0.00853476021438837,1.0005216598510742
144.545,0.1667659431695938,-0.3864913284778595,-0.8241328001022339,0.009978166781365871,0.008488120511174202,1.0007444620132446
144.555,0.15862412750720978,-0.3896503150463104,-0.8324759006500244,0.01147140096873045,0.005676410626620054,1.0000038146972656
144.565,0.15734978020191193,-0.390171617269516,-0.8335090279579163,0.011477704159915447,0.006781998090445995,1.0016119480133057
144.575,0.14930395781993866,-0.39329227805137634,-0.8417627215385437,0.009552760049700737,0.00747661292552948,1.0016329288482666
144.585,0.1478860080242157,-0.3938644826412201,-0.8428373336791992,0.010510747320950031,0.007404168136417866,1.0018609762191772
144.595,0.13992896676063538,-0.3969481587409973,-0.8509992957115173,0.013253371231257915,0.007060839794576168,1.0027211904525757
144.605,0.13902293145656586,-0.3972744941711426,-0.8515809774398804,0.012800774537026882,0.007009207736700773,0.9990153908729553
144.615,0.1311616152524948,-0.4003170430660248,-0.8596486449241638,0.01120803877711296,0.009430238977074623,0.9992440342903137
144.625,0.13016603887081146,-0.40074601769447327,-0.8602724075317383,0.012088711373507977,0.008733538910746574,0.9989754557609558
144.635,0.1223975270986557,-0.40375083684921265,-0.8682507276535034,0.011607165448367596,0.0071555557660758495,0.9981159567832947
144.645,0.11464905738830566,-0.4067448675632477,-0.8762308359146118,0.012746055610477924,0.008170641027390957,1.0000553131103516
144.657,0.1126716360449791,-0.4076506197452545,-0.8775976896286011,0.010976999066770077,0.008277124725282192,1.0000561475753784
144.665,0.10499842464923859,-0.41062140464782715,-0.8854886889457703,0.012170507572591305,0.007781153079122305,0.9993000626564026
144.677,0.10395118594169617,-0.4111745059490204,-0.8860421180725098,0.012641732580959797,0.007828395813703537,0.9997029900550842
144.685,0.09636467695236206,-0.4141179621219635,-0.8938408493995667,0.010368703864514828,0.007946480996906757,0.99871426820755
144.697,0.09662950038909912,-0.4140779972076416,-0.8931971192359924,0.010171586647629738,0.009134984575212002,1.0003019571304321
144.705,0.08914094418287277,-0.41698315739631653,-0.9008985757827759,0.010915547609329224,0.00928216241300106,0.9980091452598572
144.717,0.0900508314371109,-0.41668546199798584,-0.8996538519859314,0.0113552026450634,0.008690479211509228,0.9989369511604309
144.725,0.0826651006937027,-0.41954806447029114,-0.9072563052177429,0.010146411135792732,0.007874816656112671,0.9975810050964355
144.737,0.08374644815921783,-0.41922107338905334,-0.9058343768119812,0.009998645633459091,0.008373684249818325,0.997616171836853
144.745,0.07646259665489197,-0.42204535007476807,-0.9133395552635193,0.010628418996930122,0.007540963124483824,0.9996518492698669
144.757,0.07821118831634521,-0.421396404504776,-0.9112592339515686,0.013139997608959675,0.008059347979724407,1.0008591413497925
144.765,0.07103281468153,-0.42417779564857483,-0.9186607599258423,0.013248635455965996,0.007269163616001606,1.0015867948532104
144.777,0.07328084856271744,-0.4233361780643463,-0.9161127805709839,0.012912188656628132,0.0076590972021222115,0.9998005032539368
144.785,0.06621598452329636,-0.42607441544532776,-0.9234055280685425,0.011922426521778107,0.008667182177305222,0.9991689920425415
144.796,0.06891994923353195,-0.4250567853450775,-0.9204152822494507,0.01300918497145176,0.008275654166936874,1.0015294551849365
144.805,0.06196412444114685,-0.42775407433509827,-0.9275988936424255,0.008921950124204159,0.002606474095955491,1.0026068687438965
144.816,0.06465654820203781,-0.4267124533653259,-0.9245635867118835,0.018172521144151688,0.006437390577048063,0.9919848442077637
144.825,0.05778715759515762,-0.42937809228897095,-0.9316366910934448,0.012602567672729492,0.005451492965221405,1.0042496919631958
144.836,0.06127731874585152,-0.42807209491729736,-0.9278540015220642,0.009267309680581093,0.007066341117024422,0.995094358921051
144.845,0.05450272932648659,-0.4307063817977905,-0.9348129034042358,0.010837073437869549,0.010153882205486298,0.996401309967041
144.856,0.05816426873207092,-0.4292893409729004,-0.9308391809463501,0.010290918871760368,0.007108424790203571,1.008123517036438
144.865,0.05148393288254738,-0.4318895637989044,-0.9376864433288574,0.011691201478242874,0.009903470985591412,0.9993566274642944
144.876,0.05560915917158127,-0.4302959144115448,-0.9332531690597534,0.022397935390472412,0.011682064272463322,1.006163239479065
144.885,0.04902641102671623,-0.43286147713661194,-0.9399853944778442,0.016711220145225525,0.013204707764089108,0.9812690019607544
144.896,0.053655095398426056,-0.43107256293296814,-0.9350705146789551,0.020313875749707222,-0.0024177597369998693,0.994962751865387
144.905,0.04717371612787247,-0.43360263109207153,-0.941704273223877,0.02409624494612217,0.009343640878796577,0.9940733313560486
144.916,0.05264929309487343,-0.4315119683742523,-0.9360108971595764,0.019998637959361076,0.011198140680789948,1.0344676971435547
144.925,0.0462779775261879,-0.4340064823627472,-0.9425214529037476,0.01575348898768425,-0.00498867267742753,1.098717451095581
144.936,0.052312109619379044,-0.43169939517974854,-0.9362216591835022,0.0270011555403471,-0.0026917727664113045,1.145460605621338
144.945,0.046060334891080856,-0.4341563582420349,-0.9424521327018738,0.042527396231889725,0.003986688330769539,1.1499624252319336
144.956,0.052409395575523376,-0.4317953884601593,-0.9355810284614563,0.04547908902168274,-0.005465320311486721,1.2137731313705444
144.965,0.04630552977323532,-0.4342181086540222,-0.9413732290267944,0.027334924787282944,0.008359445258975029,1.2521758079528809
144.975,0.05370029807090759,-0.4315536320209503,-0.933114230632782,-0.007657819893211126,-0.014832342974841595,1.22013521194458
144.985,0.04782119765877724,-0.43394312262535095,-0.9383251667022705,-0.02743963897228241,-0.007915623486042023,1.2355983257293701
144.995,0.0566367469727993,-0.43077826499938965,-0.9283438920974731,-0.02273070439696312,-0.003963845316320658,1.246673345565796
145.005,0.05109381303191185,-0.4331071674823761,-0.9329761862754822,-0.00882495753467083,-0.0015960595337674022,1.243578314781189
145.015,0.06145837903022766,-0.4293808043003082,-0.9213087558746338,-0.03558109328150749,-0.015125061385333538,1.2924480438232422
145.026,1.0576446056365967,-0.04029076173901558,0.05397472903132439,-0.01280531007796526,-0.03334566578269005,1.2736455202102661
145.035,1.0613645315170288,-0.03776687756180763,0.05990628898143768,-0.002416198141872883,-0.006301229819655418,1.290541410446167
145.046,1.0533169507980347,-0.042700111865997314,0.05771927908062935,-0.021941984072327614,-0.0006257380591705441,1.241110920906067
145.055,1.0568523406982422,-0.040312010794878006,0.06173870712518692,-0.01233789511024952,-0.006414990406483412,1.1862061023712158
145.066,1.0549116134643555,-0.042208071798086166,0.0625297874212265,0.002651589922606945,0.015979042276740074,1.1400632858276367
145.075,1.058532476425171,-0.03972630575299263,0.06592538207769394,0.015147644095122814,0.008060872554779053,1.0941336154937744
145.086,1.0580987930297852,-0.04081813618540764,0.06707111746072769,-0.01006708387285471,0.010178031399846077,1.057552695274353
145.095,1.0619230270385742,-0.038359325379133224,0.07000190019607544,-0.0032033382449299097,0.01529047079384327,1.0303466320037842
145.106,1.0622918605804443,-0.038937460631132126,0.07094847410917282,0.01521205808967352,0.001253240741789341,0.9665195345878601
145.115,1.0663807392120361,-0.036536287516355515,0.07350168377161026,-0.012098868377506733,0.019027985632419586,0.9428838491439819
145.126,1.0674418210983276,-0.03671009838581085,0.0741375982761383,0.013441739603877068,0.02083428204059601,0.8816072940826416
145.135,1.0718234777450562,-0.03445520997047424,0.07639772444963455,-0.0002130513166775927,0.01852978952229023,0.8642436861991882
145.146,1.073415994644165,-0.0343976728618145,0.07664530724287033,-0.0013319016434252262,0.002829408273100853,0.8650404810905457
145.155,1.0782088041305542,-0.03266118839383125,0.07889127731323242,-0.006981587037444115,0.0031058466993272305,0.8258141875267029
145.165,1.0831782817840576,-0.030916769057512283,0.08099082857370377,-0.019506068900227547,0.0006784674478694797,0.8132148385047913
145.175,1.0883890390396118,-0.029352080076932907,0.08330144733190536,-0.025871140882372856,-0.003322415053844452,0.7984209060668945
145.185,1.0935795307159424,-0.027718331664800644,0.08506905287504196,-0.03692793846130371,-0.01033314410597086,0.8255741596221924
145.195,1.099058985710144,-0.02663934789597988,0.08757210522890091,-0.04571354761719704,-0.04278380423784256,0.8125958442687988
145.205,1.1042808294296265,-0.025316784158349037,0.08899138867855072,-0.03982812538743019,-0.03688320517539978,0.7966657280921936
145.215,1.109689474105835,-0.024872714653611183,0.0913422554731369,-0.02373543381690979,-0.021800918504595757,0.7747474312782288
145.225,1.1147441864013672,-0.024051427841186523,0.09230339527130127,-0.035219401121139526,-0.032077040523290634,0.7419413328170776
145.235,1.119652509689331,-0.02349848672747612,0.09292402118444443,-0.02991441637277603,-0.03115743212401867,0.7315680384635925
145.245,1.1243807077407837,-0.023236677050590515,0.09315217286348343,-0.03284698724746704,-0.032829802483320236,0.7186516523361206
145.255,1.1288944482803345,-0.023289624601602554,0.09294667094945908,-0.04164174944162369,-0.01722039096057415,0.7063078284263611
145.265,1.1331621408462524,-0.02367626130580902,0.092269167304039,-0.03834657371044159,-0.02399083599448204,0.6918337941169739
145.275,1.1371558904647827,-0.024410206824541092,0.09108409285545349,-0.024098344147205353,-0.0316704623401165,0.70569908618927
145.285,1.1408478021621704,-0.02550339885056019,0.0893644243478775,-0.020732343196868896,-0.031291451305150986,0.6742638349533081
145.295,1.1442148685455322,-0.026959950104355812,0.08708468079566956,-0.02201073430478573,-0.022928055375814438,0.680413007736206
145.306,1.112389087677002,-0.04027504846453667,0.046779733151197433,-0.022051487118005753,-0.016694340854883194,0.7009993195533752
145.315,1.1134254932403564,-0.042977459728717804,0.04166753217577934,-0.021424798294901848,-0.008443937636911869,0.7085064649581909
145.325,1.1140427589416504,-0.04605015367269516,0.035981711000204086,2.742854595184326,2.943995952606201,2.0919203758239746
145.335,1.1138328313827515,-0.04977025091648102,0.030084410682320595,4.363714218139648,4.569754600524902,2.5619750022888184
145.346,1.1068412065505981,-0.05279546231031418,0.01234568003565073,0.3287462890148163,0.3050774037837982,0.9580293297767639
145.355,1.1038211584091187,-0.05821031704545021,0.006292877718806267,-0.2671124041080475,-0.30137544870376587,0.7017819285392761
145.365,1.1001935005187988,-0.06405936181545258,-0.00024451082572340965,-0.10521026700735092,-0.12419963628053665,0.771583080291748
145.375,1.0960813760757446,-0.07026523351669312,-0.00737497815862298,-0.000872952223289758,-0.014412341639399529,0.8245521783828735
145.385,1.0914582014083862,-0.07687733322381973,-0.015079907141625881,-0.0005256040021777153,-0.0023479624651372433,0.8772132992744446
145.395,1.086301326751709,-0.08394739031791687,-0.02334311231970787,0.0034490919206291437,-0.010877634398639202,0.8817614912986755
145.405,1.0806078910827637,-0.09151408076286316,-0.03216676414012909,0.008208038285374641,-0.013321120291948318,0.8685125112533569
145.415,1.074393630027771,-0.09959939122200012,-0.04157319664955139,0.021980511024594307,-0.0009980404283851385,0.8948197364807129
145.425,1.0676676034927368,-0.10823328793048859,-0.05158723518252373,0.008691125549376011,-0.004504569806158543,0.9051500558853149
145.435,1.0604345798492432,-0.11745129525661469,-0.0622418075799942,0.8952210545539856,0.5715999007225037,0.6921256184577942
145.445,1.0528067350387573,-0.12715309858322144,-0.07365260273218155,4.590577602386475,5.912569999694824,-0.447826087474823
145.455,1.0451138019561768,-0.13693742454051971,-0.08602350950241089,0.9114713072776794,1.228694200515747,0.5563156604766846
145.465,1.0373282432556152,-0.1467890739440918,-0.09937741607427597,-0.1782081127166748,-0.31654828786849976,0.9135265946388245
145.475,1.0290905237197876,-0.15717124938964844,-0.11376024037599564,-0.09809212386608124,-0.18580512702465057,0.9120002388954163
145.485,1.0202560424804688,-0.16822272539138794,-0.12936760485172272,-0.03190936893224716,-0.10791189223527908,0.9335686564445496
145.495,1.010766863822937,-0.17991922795772552,-0.1464480608701706,-0.0461394228041172,-0.11173543334007263,0.9498226642608643
145.505,1.0005459785461426,-0.19220010936260223,-0.16529874503612518,-0.10152599960565567,-0.1517108678817749,0.9888045787811279
145.515,0.9895005226135254,-0.2049514502286911,-0.18626439571380615,-0.13372580707073212,-0.18945980072021484,1.0424392223358154
145.525,0.9775331616401672,-0.21798524260520935,-0.20972976088523865,-0.16319647431373596,-0.2231258600950241,1.0731189250946045
145.535,0.9645656943321228,-0.23102036118507385,-0.23609040677547455,-0.2280060350894928,-0.27045729756355286,1.1272869110107422
145.545,0.9505512714385986,-0.24369187653064728,-0.2657229006290436,-0.27682653069496155,-0.321511834859848,1.243963599205017
145.555,0.9354904294013977,-0.2555919289588928,-0.29892951250076294,-5.733301162719727,1.8368548154830933,-1.8008798360824585
145.565,0.9195027351379395,-0.26736822724342346,-0.33511918783187866,-3.863126754760742,-0.5384707450866699,-1.233349323272705
145.575,0.9021888971328735,-0.28044551610946655,-0.37288615107536316,-0.850856363773346,-0.5300577878952026,0.0518987663090229
145.585,0.8839876651763916,-0.2941802442073822,-0.4117683172225952,-0.5681895613670349,-0.39720070362091064,0.3047400712966919
145.595,0.8652833700180054,-0.308017373085022,-0.4518425762653351,-2.958878755569458,-0.5055783987045288,0.44319474697113037
145.605,0.8463072776794434,-0.3219658136367798,-0.4931124150753021,-5.108316898345947,-0.8984193205833435,-0.5966613292694092
145.615,0.8271374702453613,-0.3361438512802124,-0.5353134870529175,-2.187960624694824,-0.4991791844367981,-0.38694289326667786
145.625,0.8076651692390442,-0.350493848323822,-0.5784192681312561,-0.25623124837875366,-0.08134434372186661,0.3241175413131714
145.635,0.7881457209587097,-0.3648538589477539,-0.6225090622901917,-0.19744987785816193,-0.044045381247997284,0.42731693387031555
145.645,0.6188617944717407,-0.3041262626647949,-0.4494624733924866,-0.328816294670105,-0.07132488489151001,0.39221853017807007
145.655,0.5939916372299194,-0.3151128590106964,-0.4887802004814148,-0.36950626969337463,-0.08238667249679565,0.4035143554210663
145.665,0.5693364143371582,-0.32609984278678894,-0.5293391346931458,-0.33370494842529297,-0.09704841673374176,0.41955336928367615
145.675,0.5448377728462219,-0.33716434240341187,-0.5712414979934692,-0.3019465506076813,-0.10704943537712097,0.4038778245449066
145.685,0.520387589931488,-0.34840333461761475,-0.6146284937858582,-0.2894662916660309,-0.12482573091983795,0.41159215569496155
145.695,0.49581021070480347,-0.3599252998828888,-0.659697413444519,-0.23136019706726074,-0.10667702555656433,0.47094452381134033
145.705,0.47085946798324585,-0.371859610080719,-0.7067455053329468,-0.13558104634284973,-0.07084603607654572,0.5169134140014648
145.715,0.445181280374527,-0.3843417167663574,-0.7561708688735962,0.04276034235954285,-0.22814004123210907,0.3658756613731384
145.725,0.4182208180427551,-0.3974088132381439,-0.8076832890510559,2.8234212398529053,-1.1273702383041382,-7.4554829597473145
145.735,0.3904818296432495,-0.41041097044944763,-0.8579466342926025,-0.7789285778999329,0.5883694291114807,-5.279652118682861
145.745,0.3621632754802704,-0.4245145916938782,-0.9046749472618103,-1.09266197681427,-0.08434204757213593,-2.2079062461853027
145.755,0.3339415490627289,-0.4378974437713623,-0.9494619965553284,-0.1037837564945221,-0.13600043952465057,0.3110727071762085
145.765,0.3059576153755188,-0.4515058398246765,-0.9946361780166626,0.061731450259685516,-0.07835174351930618,0.4246920049190521
145.775,0.2774220108985901,-0.4655194580554962,-1.0413833856582642,0.0033074000384658575,-0.06026410683989525,0.22657714784145355
145.785,0.24814245104789734,-0.47988542914390564,-1.0897167921066284,1.2230989933013916,0.2506750524044037,-0.3167291283607483
145.795,0.21771776676177979,-0.49434420466423035,-1.1392360925674438,2.0605573654174805,-0.7148470878601074,-1.2002930641174316
145.805,0.1858711689710617,-0.508730947971344,-1.1888508796691895,0.9202994108200073,-0.32651299238204956,-1.0971928834915161
145.815,0.15317568182945251,-0.523321270942688,-1.237960934638977,-0.014824887737631798,-0.016282325610518456,0.020218245685100555
145.825,0.12011846899986267,-0.537912905216217,-1.2874164581298828,-0.03630538284778595,0.0005890385364182293,0.0944637581706047
145.835,0.08685368299484253,-0.5524367094039917,-1.3378984928131104,0.023703571408987045,-0.013119091279804707,-0.017425209283828735
145.845,0.05339962989091873,-0.5668820142745972,-1.3893890380859375,0.029765509068965912,-0.011853720992803574,0.03617633506655693
145.855,0.019751448184251785,-0.5812376141548157,-1.4418457746505737,0.02581765130162239,-0.006610967218875885,-0.0023234831169247627
145.865,-0.014080915600061417,-0.5954892039299011,-1.495275855064392,0.02432674542069435,-0.0025379389990121126,0.0008197810384444892
145.875,-0.048078376799821854,-0.6096301078796387,-1.5496723651885986,0.024009304121136665,-0.0003023497120011598,0.009119110181927681
145.885,-0.08222837746143341,-0.6236500144004822,-1.6050448417663574,0.17052628099918365,0.18300236761569977,-0.11285917460918427
145.895,-0.11648406088352203,-0.6374189853668213,-1.6612777709960938,0.38290831446647644,0.48576924204826355,-0.4290884733200073
145.905,-0.1507105529308319,-0.6507287621498108,-1.7181551456451416,-0.9604106545448303,0.5020214915275574,-2.2453219890594482
145.915,-0.18428903818130493,-0.6642700433731079,-1.7749502658843994,-0.282116174697876,-0.023061897605657578,-7.986275672912598
145.925,-0.21708449721336365,-0.6781969666481018,-1.8281457424163818,0.3042384684085846,0.16698689758777618,-2.447471857070923
145.935,-0.24971672892570496,-0.6925760507583618,-1.8779001235961914,-0.19185759127140045,0.2725329101085663,-0.17254704236984253
145.945,-0.28239375352859497,-0.7066199779510498,-1.9276008605957031,-0.1147979199886322,0.08893747627735138,0.01941206119954586
145.955,-0.31491056084632874,-0.7206781506538391,-1.978202223777771,-0.00923878513276577,-0.01625293493270874,0.0045637404546141624
145.965,-0.3474648892879486,-0.7348236441612244,-2.029801845550537,-0.0003034999826923013,-0.016701217740774155,0.0003558772732503712
145.975,-0.3801248371601105,-0.7490266561508179,-2.082395076751709,-0.14517243206501007,-0.0019085949752479792,-0.395722895860672
145.985,-0.41284897923469543,-0.7632982134819031,-2.13572096824646,-0.2518816590309143,-0.009704667143523693,-0.7290637493133545
145.995,-0.4455772042274475,-0.7775980830192566,-2.1894004344940186,-0.04757070168852806,-0.02554970048367977,-0.1560906171798706
146.005,-0.4783906936645508,-0.7918711304664612,-2.2436423301696777,-0.0608736127614975,-0.06718884408473969,-0.19986113905906677
146.015,-0.511350691318512,-0.8061113357543945,-2.298656940460205,-0.4654899537563324,-0.021665947511792183,-0.7155517935752869
146.025,-0.5443976521492004,-0.8204599618911743,-2.3542306423187256,0.6613180637359619,0.5123826861381531,-4.289920330047607
146.035,-0.5772697925567627,-0.8345817923545837,-2.408953905105591,0.1970384269952774,0.2671229839324951,-2.212852954864502
146.045,-0.6096764206886292,-0.8482629060745239,-2.4618167877197266,-0.020296268165111542,-0.026063216850161552,0.08517594635486603
146.055,-0.6419410109519958,-0.8617513179779053,-2.5145535469055176,0.060538262128829956,0.05897590517997742,-0.5501212477684021
146.065,-0.6741818189620972,-0.8751599788665771,-2.5677971839904785,-0.15926101803779602,0.3009814918041229,-1.615846037864685
146.075,-0.7061830163002014,-0.888545572757721,-2.6208932399749756,-0.051665227860212326,0.15992990136146545,-1.0672732591629028
146.085,-0.7379159331321716,-0.9019085764884949,-2.673729419708252,0.031206689774990082,0.04796130582690239,-0.9040737152099609
146.095,-0.7695313692092896,-0.9151973724365234,-2.726536750793457,0.0322154276072979,-0.018750987946987152,-1.0156750679016113
146.105,-0.8011121153831482,-0.9284064173698425,-2.779317855834961,0.0006467822240665555,-0.01970032788813114,-1.0220880508422852
146.115,-0.8326838612556458,-0.9415596723556519,-2.8320469856262207,0.0022292130161076784,-0.00743281003087759,-1.0149197578430176
146.125,-0.8642376661300659,-0.9546686410903931,-2.884730815887451,0.0011920136166736484,-0.0033133304677903652,-1.0151405334472656
146.135,-0.8957642316818237,-0.9677324891090393,-2.937372922897339,-0.00027570693055167794,-0.003221726045012474,-1.0139448642730713
146.145,-0.9272602796554565,-0.9807528257369995,-2.989973783493042,-0.0015018065460026264,-0.0066480254754424095,-1.0135403871536255
146.155,-0.9587253928184509,-0.9937323927879333,-3.0425338745117188,-0.0014676791615784168,-0.005534873344004154,-1.013243317604065
146.165,-0.9901588559150696,-1.0066732168197632,-3.095053195953369,-0.002673746319487691,-0.005539151839911938,-1.0131787061691284
146.175,-1.0215587615966797,-1.0195767879486084,-3.1475319862365723,-0.0016231260960921645,-0.00519170518964529,-1.013866662979126
146.185,-1.0529230833053589,-1.0324443578720093,-3.199970006942749,-0.002406313084065914,-0.004708555527031422,-1.014648199081421
146.195,-1.08424973487854,-1.0452767610549927,-3.252366781234741,-0.001893453998491168,-0.004008179530501366,-1.0142693519592285
146.205,-1.1155364513397217,-1.058075189590454,-3.304722547531128,-0.001357461092993617,-0.00448400154709816,-1.0131362676620483
146.215,-1.1467818021774292,-1.0708403587341309,-3.3570380210876465,-0.0013285259483382106,-0.004080970771610737,-1.0116064548492432
146.225,-1.177984356880188,-1.0835732221603394,-3.4093151092529297,-0.0008020314271561801,-0.0040913536213338375,-1.012439250946045
146.235,-1.2091424465179443,-1.0962748527526855,-3.461554527282715,-0.0018522785976529121,-0.0048780725337564945,-1.0116409063339233
146.245,-1.2402544021606445,-1.1089468002319336,-3.513756513595581,-0.0032258930150419474,-0.0024082267191261053,-1.0133525133132935
146.255,-1.2713176012039185,-1.1215909719467163,-3.565920829772949,-0.0025046314112842083,-0.005640508607029915,-1.0131944417953491
146.265,-1.302330732345581,-1.1342089176177979,-3.6180472373962402,-0.0008091484196484089,-0.003334687789902091,-1.015609860420227
146.275,-1.3332927227020264,-1.1468009948730469,-3.6701347827911377,-0.0012516331626102328,-0.003129522781819105,-1.0151770114898682
146.285,-1.3642010688781738,-1.1593679189682007,-3.7221829891204834,-0.0031032050028443336,-0.005536910146474838,-1.0142494440078735
146.295,-1.395054817199707,-1.1719121932983398,-3.7741928100585938,-0.001908780774101615,-0.005228545982390642,-1.012786865234375
146.305,-1.4258533716201782,-1.1844353675842285,-3.8261656761169434,-0.0018720034277066588,-0.005114820785820484,-1.0131500959396362
146.315,-1.4565951824188232,-1.1969380378723145,-3.8781023025512695,-0.0005107225151732564,-0.005218670703470707,-1.015323519706726
146.325,-1.4872785806655884,-1.2094208002090454,-3.930001735687256,-0.0005559861310757697,-0.006061214487999678,-1.015710711479187
146.335,-1.5179023742675781,-1.2218844890594482,-3.981863021850586,-0.0020910557359457016,-0.005756056401878595,-1.015356183052063
146.345,-1.5484648942947388,-1.2343312501907349,-4.033686637878418,-0.0021952814422547817,-0.002203905489295721,-1.015560269355774
146.355,-1.5789624452590942,-1.2467623949050903,-4.085473537445068,-0.0011454226914793253,-0.0021368844900280237,-1.0120806694030762
146.365,-1.6093922853469849,-1.2591782808303833,-4.13722562789917,-0.002477190922945738,-0.003247378394007683,-1.0139137506484985
146.375,-1.6397532224655151,-1.2715803384780884,-4.188943862915039,-0.0023939136881381273,-0.0036739076022058725,-1.01423978805542
146.385,-1.6700440645217896,-1.283970594406128,-4.240627765655518,-0.0026191542856395245,-0.004707532934844494,-1.0143896341323853
146.395,-1.7002639770507812,-1.296350359916687,-4.2922773361206055,-0.0009887563064694405,-0.003756452351808548,-1.0142004489898682
146.405,-1.7304115295410156,-1.3087204694747925,-4.343893527984619,-0.0007064133533276618,-0.0047829048708081245,-1.012882947921753
146.415,-1.7604855298995972,-1.321081519126892,-4.395476341247559,-0.0022062030620872974,-0.0061487555503845215,-1.0114390850067139
146.425,-1.790485143661499,-1.3334351778030396,-4.447028160095215,6.087727797421394e-06,-0.005325463600456715,-1.0130915641784668
146.435,-1.8204089403152466,-1.3457823991775513,-4.498548984527588,-0.0003969272074755281,-0.004487516358494759,-1.0134819746017456
146.445,-1.850254774093628,-1.358123540878296,-4.5500383377075195,-0.001344435615465045,-0.004177164286375046,-1.0140324831008911
146.455,-1.880020260810852,-1.3704599142074585,-4.60149621963501,0.0003785344597417861,-0.0037883766926825047,-1.0147111415863037
146.465,-1.9097036123275757,-1.3827924728393555,-4.652923107147217,-0.0011202027089893818,-0.0040120151825249195,-1.0131465196609497
146.475,-1.9393032789230347,-1.3951224088668823,-4.704319477081299,-0.0007056854083202779,-0.004594014957547188,-1.013641595840454
146.485,-1.968817949295044,-1.4074512720108032,-4.755685806274414,-0.0002486463636159897,-0.003890338586643338,-1.015425682067871
146.495,-1.9982458353042603,-1.4197800159454346,-4.8070220947265625,-7.705228927079588e-05,-0.0030044661834836006,-1.015082597732544
146.505,-2.0275847911834717,-1.4321094751358032,-4.858328342437744,-0.0010718798730522394,-0.0035246124025434256,-1.0143002271652222
146.515,-2.056832790374756,-1.4444410800933838,-4.909605503082275,0.0007689374033361673,-0.005472710821777582,-1.0131357908248901
146.525,-2.0859899520874023,-1.4567760229110718,-4.960854530334473,-0.0012381153646856546,-0.005538128782063723,-1.0156997442245483
146.535,-2.1150550842285156,-1.4691158533096313,-5.012075424194336,-0.0011793388985097408,-0.005304365418851376,-1.0148175954818726
146.545,-2.144026279449463,-1.4814623594284058,-5.063267707824707,-0.00039363146061077714,-0.004776496905833483,-1.0140501260757446
146.555,-2.1729018688201904,-1.4938162565231323,-5.1144328117370605,-0.002593638841062784,-0.0026657520793378353,-1.0115654468536377
146.565,-2.2016794681549072,-1.5061790943145752,-5.165573596954346,-0.0018498202553018928,-0.0044810096733272076,-1.0121558904647827
146.575,-2.2303571701049805,-1.518552541732788,-5.216691017150879,0.00021674494200851768,-0.005936021916568279,-1.0124053955078125
146.585,-2.258934736251831,-1.5309371948242188,-5.26778507232666,-0.0003928084624931216,-0.0030864665750414133,-1.0124822854995728
146.595,-2.287410259246826,-1.543333649635315,-5.3188557624816895,-0.0012673407327383757,-0.004396563861519098,-1.0134689807891846
146.605,-2.315781354904175,-1.5557435750961304,-5.369903564453125,-0.00238714343868196,-0.004808369558304548,-1.0144884586334229
146.615,-2.3440468311309814,-1.5681692361831665,-5.420928001403809,-0.0013217084342613816,-0.007004428654909134,-1.0137280225753784
146.625,-2.372206211090088,-1.5806121826171875,-5.471930027008057,-0.0008875254425220191,-0.005823953077197075,-1.0137742757797241
146.635,-2.4002583026885986,-1.5930731296539307,-5.522909641265869,-0.0026989728212356567,-0.005369701888412237,-1.0157256126403809
146.645,-2.4282004833221436,-1.605553388595581,-5.573866844177246,-0.000591761723626405,-0.002746818820014596,-1.01553213596344
146.655,-2.4560296535491943,-1.618053674697876,-5.624802112579346,-0.0013574999757111073,-0.004168421495705843,-1.0144727230072021
146.665,-2.483743906021118,-1.6305749416351318,-5.675716400146484,-0.0037401451263576746,-0.0056979041546583176,-1.0146280527114868
146.675,-2.511342763900757,-1.6431199312210083,-5.72661018371582,-0.0026979187969118357,-0.00286481948569417,-1.0133225917816162
146.685,-2.5388238430023193,-1.6556901931762695,-5.7774858474731445,-0.003000939730554819,-0.002109522931277752,-1.0138133764266968
146.695,-2.5661842823028564,-1.6682860851287842,-5.828343868255615,-0.00044517629430629313,-0.003768661292269826,-1.014811396598816
146.705,-2.593423366546631,-1.6809078454971313,-5.879184246063232,0.0008352869772352278,-0.004625767003744841,-1.0145856142044067
146.715,-2.6205408573150635,-1.6935553550720215,-5.930006980895996,-0.0009677161579020321,-0.004450394306331873,-1.0142700672149658
146.725,-2.6475353240966797,-1.7062302827835083,-5.9808125495910645,-0.00022468708630185574,-0.003288572421297431,-1.0134291648864746
146.735,-2.6744046211242676,-1.7189339399337769,-6.03160285949707,-0.0021590229589492083,-0.0032151334453374147,-1.0126155614852905
146.745,-2.7011466026306152,-1.7316678762435913,-6.082379341125488,-0.001770818722434342,-0.0043410551734268665,-1.0132904052734375
146.755,-2.727760076522827,-1.744433879852295,-6.133142471313477,-0.0007122968090698123,-0.0034835380502045155,-1.0144890546798706
146.765,-2.7542436122894287,-1.7572327852249146,-6.183892250061035,-0.000984944636002183,-0.003021078184247017,-1.0138930082321167
146.775,-2.780595302581787,-1.7700653076171875,-6.234629154205322,-0.002515638479962945,-0.004357301164418459,-1.0134367942810059
146.785,-2.8068137168884277,-1.782933235168457,-6.2853546142578125,-0.0017649380024522543,-0.002701266435906291,-1.012403964996338
146.795,-2.832897186279297,-1.7958379983901978,-6.336069583892822,0.00029868510318920016,-0.0040168254636228085,-1.0141451358795166
146.805,-2.858844518661499,-1.8087798357009888,-6.38677453994751,0.00020604390010703355,-0.0037986922543495893,-1.0145899057388306
146.815,-2.8846542835235596,-1.8217594623565674,-6.437469005584717,-0.002082772785797715,-0.003522732527926564,-1.0137301683425903
146.825,-2.9103245735168457,-1.8347787857055664,-6.48815393447876,-0.0036251158453524113,-0.003599798772484064,-1.0129404067993164
146.835,-2.9358532428741455,-1.8478407859802246,-6.53883171081543,-0.0031993540469557047,-0.002992131281644106,-1.0145599842071533
146.845,-2.961238384246826,-1.8609470129013062,-6.589502334594727,-0.0035095075145363808,-0.0038782674819231033,-1.0135877132415771
146.855,-2.986478805541992,-1.8740986585617065,-6.640166759490967,-0.0015231589786708355,-0.003190144430845976,-1.0126605033874512
146.865,-3.011573314666748,-1.8872960805892944,-6.690825939178467,-0.001878164242953062,-0.0044524166733026505,-1.0147408246994019
146.875,-3.0365207195281982,-1.9005398750305176,-6.741479873657227,2.529287712604855e-06,-0.004552084021270275,-1.0149829387664795
146.885,-3.0613200664520264,-1.9138307571411133,-6.792128086090088,-0.0017176653491333127,-0.0026534213684499264,-1.0136593580245972
146.895,-3.0859692096710205,-1.9271697998046875,-6.842772483825684,-0.002457170281559229,-0.00547131197527051,-1.0125035047531128
146.905,-3.110466957092285,-1.9405591487884521,-6.8934149742126465,-0.002336445264518261,-0.005598428659141064,-1.013634443283081
146.915,-3.134812831878662,-1.954000473022461,-6.944056034088135,-0.0010748978238552809,-0.0044134496711194515,-1.0124412775039673
146.925,-3.1590051651000977,-1.967494249343872,-6.994696140289307,-0.00026555793010629714,-0.0029594427905976772,-1.0149677991867065
146.935,-3.183041572570801,-1.981040358543396,-7.04533576965332,0.0015969439409673214,-0.002374310977756977,-1.0136715173721313
146.945,-3.2069196701049805,-1.994638442993164,-7.095974922180176,0.0012112455442547798,-0.004743599332869053,-1.0139203071594238
146.955,-3.2306389808654785,-2.008289337158203,-7.146615028381348,-0.001307391095906496,-0.004635586403310299,-1.0122255086898804
146.965,-3.2541985511779785,-2.021996021270752,-7.197257995605469,-0.0005607482744380832,-0.003955889493227005,-1.0115435123443604
146.975,-3.2775964736938477,-2.035759687423706,-7.247905254364014,-0.00035758307785727084,-0.0027945986948907375,-1.0144600868225098
146.985,-3.300830364227295,-2.049581289291382,-7.298556804656982,-7.456185994669795e-05,-0.002483191667124629,-1.0137555599212646
146.995,-3.3238983154296875,-2.0634615421295166,-7.349212646484375,-0.0004905639216303825,-0.0040138838812708855,-1.0144975185394287
147.005,-3.34679913520813,-2.077402114868164,-7.399873733520508,-0.0001118771979236044,-0.005559845361858606,-1.0142931938171387
147.015,-3.369532823562622,-2.091404438018799,-7.450540542602539,-0.0009446599869988859,-0.005364003125578165,-1.0119229555130005
147.025,-3.3920986652374268,-2.1054699420928955,-7.501214504241943,3.1589319405611604e-05,-0.004876274149864912,-1.0120642185211182
147.035,-3.4144949913024902,-2.1195995807647705,-7.551898002624512,-0.0003843256563413888,-0.003943687304854393,-1.0133224725723267
147.045,-3.4367196559906006,-2.133794069290161,-7.602591037750244,0.00024201221822295338,-0.0044465577229857445,-1.012460470199585
147.055,-3.458770990371704,-2.148054361343384,-7.653294563293457,-0.0016299524577334523,-0.0032562394626438618,-1.014313817024231
147.065,-3.480646848678589,-2.162382125854492,-7.704009056091309,-0.0006013092934153974,-0.004548678640276194,-1.0148488283157349
147.075,-3.502345561981201,-2.176778793334961,-7.754734516143799,-0.00016717956168577075,-0.004514374304562807,-1.012099027633667
147.085,-3.523866653442383,-2.1912453174591064,-7.8054728507995605,-0.0006214648019522429,-0.00472464831545949,-1.01369309425354
147.095,-3.545208692550659,-2.205782651901245,-7.85622501373291,-0.0011638440191745758,-0.0045553757809102535,-1.0143787860870361
147.105,-3.5663697719573975,-2.2203924655914307,-7.906991481781006,-0.0012298685032874346,-0.004425447434186935,-1.0124026536941528
147.115,-3.587348461151123,-2.2350759506225586,-7.957773685455322,-0.001499173347838223,-0.0035766037181019783,-1.0138959884643555
147.125,-3.608142852783203,-2.2498342990875244,-8.008573532104492,-0.0018523861654102802,-0.0023942713160067797,-1.0144968032836914
147.135,-3.6287500858306885,-2.2646687030792236,-8.0593900680542,-0.0013104768004268408,-0.004267625045031309,-1.0145310163497925
147.145,-3.6491692066192627,-2.2795803546905518,-8.110224723815918,-0.0009776359656825662,-0.004629265982657671,-1.0120313167572021
147.155,-3.6693999767303467,-2.294570207595825,-8.161079406738281,-0.0013669445179402828,-0.0056032221764326096,-1.0110100507736206
147.165,-3.6894421577453613,-2.3096392154693604,-8.211956977844238,-0.0010676417732611299,-0.004908847622573376,-1.0120015144348145
147.175,-3.709294080734253,-2.3247885704040527,-8.262857437133789,-0.00072602613363415,-0.0038891900330781937,-1.0141149759292603
147.185,-3.7289533615112305,-2.3400192260742188,-8.313780784606934,-0.0010439201723784208,-0.004018339328467846,-1.0134456157684326
147.195,-3.748418092727661,-2.355332374572754,-8.364727020263672,-0.0019177038921043277,-0.005923587363213301,-1.013502836227417
147.205,-3.7676875591278076,-2.370729684829712,-8.415698051452637,0.00018649327103048563,-0.005412055179476738,-1.0136115550994873
147.215,-3.7867610454559326,-2.38621187210083,-8.466694831848145,-7.66609882703051e-05,-0.004298639018088579,-1.0132927894592285
147.225,-3.8056366443634033,-2.4017791748046875,-8.517717361450195,0.0003352581989020109,-0.00494209723547101,-1.0136919021606445
147.235,-3.824312925338745,-2.4174323081970215,-8.568767547607422,0.0007812504773028195,-0.0048277308233082294,-1.0138260126113892
147.245,-3.8427884578704834,-2.4331722259521484,-8.619845390319824,0.0003665439726319164,-0.0047150575555861,-1.0138517618179321
147.255,-3.8610618114471436,-2.449000120162964,-8.670952796936035,-0.0025259118992835283,-0.0032757518347352743,-1.013363003730774
147.265,-3.8791303634643555,-2.4649181365966797,-8.722090721130371,-0.0018060327274724841,-0.004072271287441254,-1.0125644207000732
147.275,-3.8969924449920654,-2.4809281826019287,-8.773261070251465,-0.0020627060439437628,-0.004485289100557566,-1.0138968229293823
147.285,-3.914647102355957,-2.4970314502716064,-8.824464797973633,-1.0971133633574937e-05,-0.004569466225802898,-1.0143615007400513
147.295,-3.932093381881714,-2.51322865486145,-8.875701904296875,-0.0008768881089054048,-0.005567898973822594,-1.0135838985443115
147.305,-3.9493303298950195,-2.5295205116271973,-8.926973342895508,-0.0009793041972443461,-0.0037433751858770847,-1.0133438110351562
147.315,-3.9663562774658203,-2.545907974243164,-8.978281021118164,-0.0006243445095606148,-0.005806979723274708,-1.0154362916946411
147.325,-3.9831695556640625,-2.562392473220825,-9.029624938964844,-0.0017635556869208813,-0.004245185758918524,-1.0154087543487549
147.335,-3.9997687339782715,-2.5789756774902344,-9.081005096435547,-0.00271195569075644,-0.003062262199819088,-1.0118603706359863
147.345,-4.016151428222656,-2.595658779144287,-9.132425308227539,-0.0010597220389172435,-0.0048423814587295055,-1.0123097896575928
147.355,-4.0323166847229,-2.6124424934387207,-9.183887481689453,0.00014719937462359667,-0.005523734260350466,-1.0136148929595947
147.365,-4.048264026641846,-2.6293270587921143,-9.235391616821289,-0.0006333341589197516,-0.003977317828685045,-1.0148190259933472
147.375,-4.063992023468018,-2.646313428878784,-9.286937713623047,-0.00012797940871678293,-0.0038571066688746214,-1.0155961513519287
147.385,-4.079497814178467,-2.663402795791626,-9.338525772094727,-4.738459756481461e-05,-0.004693623632192612,-1.0132434368133545
147.395,-4.094780921936035,-2.680596351623535,-9.390158653259277,-0.0013181418180465698,-0.005722302943468094,-1.0144325494766235
147.405,-4.1098408699035645,-2.6978955268859863,-9.441837310791016,-0.0005456347716972232,-0.0036250550765544176,-1.0146242380142212
147.415,-4.124675273895264,-2.715301513671875,-9.493562698364258,5.7820660003926605e-05,-0.005940154194831848,-1.0137618780136108
147.425,-4.139283180236816,-2.7328150272369385,-9.54533576965332,-0.0016726035391911864,-0.005105586722493172,-1.0138039588928223
147.435,-4.15508508682251,-2.752209424972534,-9.602343559265137,-3.313845445518382e-05,-0.003820624900981784,-1.0141565799713135
147.445,-4.169205188751221,-2.7699592113494873,-9.654221534729004,-0.0008337991894222796,-0.0041913860477507114,-1.0128891468048096
147.455,-4.183094501495361,-2.7878196239471436,-9.706151962280273,-8.0254023487214e-05,-0.002733840374276042,-1.012142539024353
147.465,-4.196751117706299,-2.8057913780212402,-9.758137702941895,-0.001024705357849598,-0.004682475235313177,-1.0154396295547485
147.475,-4.210173606872559,-2.823876142501831,-9.81017780303955,-0.0018971827812492847,-0.005775814410299063,-1.0156457424163818
147.485,-4.223361015319824,-2.842076301574707,-9.862272262573242,-0.001509082387201488,-0.004470311105251312,-1.0139734745025635
147.495,-4.236311435699463,-2.8603928089141846,-9.914422035217285,0.000795547035522759,-0.002337392419576645,-1.014144778251648
147.505,-4.2490234375,-2.8788251876831055,-9.966629981994629,-0.0021189360413700342,-0.004517063498497009,-1.014072299003601
147.515,-4.261495590209961,-2.8973748683929443,-10.01889705657959,-0.0024410763289779425,-0.0031720297411084175,-1.0141096115112305
147.525,-4.273725986480713,-2.916043996810913,-10.0712251663208,-0.0031705948058515787,-0.0033283119555562735,-1.0152688026428223
147.535,-4.285712718963623,-2.9348342418670654,-10.123614311218262,-0.0014519515680149198,-0.00363091379404068,-1.01286780834198
147.545,-4.297455310821533,-2.9537458419799805,-10.176067352294922,0.0018250180874019861,-0.0044568926095962524,-1.014366626739502
147.555,-4.308953285217285,-2.972778081893921,-10.228584289550781,-0.00021110445959493518,-0.004457033704966307,-1.0131961107254028
147.565,-4.3202056884765625,-2.991931438446045,-10.281167030334473,-0.0012854172382503748,-0.005554883275181055,-1.0136748552322388
147.575,-4.331211566925049,-3.0112082958221436,-10.333816528320312,-0.0014217259595170617,-0.0039047563914209604,-1.0136535167694092
147.585,-4.341969013214111,-3.0306100845336914,-10.386534690856934,0.00018661725334823132,-0.004354596603661776,-1.0119621753692627
147.595,-4.352476596832275,-3.0501370429992676,-10.439322471618652,-0.0006897977436892688,-0.005397966597229242,-1.0139129161834717
147.605,-4.362733840942383,-3.0697906017303467,-10.492181777954102,-0.0025334851816296577,-0.003113294718787074,-1.0146619081497192
147.615,-4.372737884521484,-3.0895729064941406,-10.545112609863281,-0.002324877306818962,-0.002724296413362026,-1.0135003328323364
147.625,-4.382486343383789,-3.109485149383545,-10.598116874694824,-0.0017558169784024358,-0.0038593453355133533,-1.0123509168624878
147.635,-4.391978740692139,-3.1295278072357178,-10.651196479797363,-0.0004558171203825623,-0.005429971031844616,-1.0151468515396118
147.645,-4.401215076446533,-3.1497018337249756,-10.704352378845215,-0.0010231579653918743,-0.005498168990015984,-1.0153052806854248
147.655,-4.410193920135498,-3.1700081825256348,-10.757583618164062,-0.0010919183259829879,-0.005209535825997591,-1.0138694047927856
147.665,-4.418914318084717,-3.1904478073120117,-10.810893058776855,-0.002558840438723564,-0.002492522820830345,-1.0135935544967651
147.675,-4.427373886108398,-3.211021900177002,-10.86428165435791,-0.0023612624499946833,-0.005395242478698492,-1.013181447982788
147.685,-4.435571193695068,-3.2317323684692383,-10.917752265930176,-0.0025261621922254562,-0.0037589645944535732,-1.014103651046753
147.695,-4.44350528717041,-3.252580165863037,-10.971305847167969,-0.0013297938276082277,-0.0031616755295544863,-1.0144023895263672
147.705,-4.451174259185791,-3.2735657691955566,-11.024943351745605,-0.0007100286893546581,-0.005286435130983591,-1.0126546621322632
147.715,-4.458577632904053,-3.294689416885376,-11.078666687011719,0.0007536098710261285,-0.004756258800625801,-1.0133492946624756
147.725,-4.465714931488037,-3.315951347351074,-11.132476806640625,-0.0007085197721607983,-0.006001167930662632,-1.012166142463684
147.735,-4.472585678100586,-3.337352752685547,-11.18637466430664,-0.0016852787230163813,-0.004601732827723026,-1.0123306512832642
147.745,-4.479187965393066,-3.358895778656006,-11.240363121032715,-0.0022518711630254984,-0.0040482585318386555,-1.0147733688354492
147.755,-4.4855194091796875,-3.3805816173553467,-11.294443130493164,-0.0011874187039211392,-0.0018241492798551917,-1.0131160020828247
147.765,-4.491577625274658,-3.4024107456207275,-11.348615646362305,-0.0008995484677143395,-0.0035083291586488485,-1.0124973058700562
147.775,-4.497361183166504,-3.4243836402893066,-11.40288257598877,-0.0012106923386454582,-0.002618200611323118,-1.0140341520309448
147.785,-4.502869606018066,-3.4465012550354004,-11.457245826721191,-0.0023480120580643415,-0.002040768973529339,-1.014880657196045
147.795,-4.5081000328063965,-3.4687652587890625,-11.51170539855957,-0.0030092839151620865,-0.002897056983783841,-1.0154054164886475
147.805,-4.5130510330200195,-3.4911773204803467,-11.566263198852539,-0.0015590067487210035,-0.0035125038120895624,-1.0130395889282227
147.815,-4.5177226066589355,-3.5137386322021484,-11.620920181274414,-0.00336052174679935,-0.004938783124089241,-1.013201355934143
147.825,-4.522114276885986,-3.536450147628784,-11.675679206848145,-0.0015704920515418053,-0.0014987185131758451,-1.013258934020996
147.835,-4.526224136352539,-3.559312582015991,-11.730542182922363,-0.001235809875652194,-0.0021899889688938856,-1.0167433023452759
147.845,-4.5300493240356445,-3.5823259353637695,-11.785508155822754,0.0006348654278554022,-0.00454607792198658,-1.014562726020813
147.855,-4.533590316772461,-3.6054906845092773,-11.840577125549316,0.0005418438813649118,-0.007234129123389721,-1.0137625932693481
147.865,-4.536848068237305,-3.628807783126831,-11.895750999450684,-0.00021365619613789022,-0.00627676909789443,-1.0129565000534058
147.875,-4.539822578430176,-3.6522786617279053,-11.951032638549805,-0.0005368557176552713,-0.0038961353711783886,-1.0123704671859741
147.885,-4.542511463165283,-3.675903558731079,-12.006423950195312,-0.0009946990758180618,-0.0037559387274086475,-1.0114456415176392
147.895,-4.544912338256836,-3.699683427810669,-12.061927795410156,-0.0015731941675767303,-0.0039086975157260895,-1.0132254362106323
147.905,-4.547024250030518,-3.7236199378967285,-12.117545127868652,-0.00048464734572917223,-0.004002313129603863,-1.012756109237671
147.915,-4.5488457679748535,-3.747713565826416,-12.173277854919434,-0.0022341557778418064,-0.005094197578728199,-1.010553240776062
147.925,-4.5503764152526855,-3.771965742111206,-12.229126930236816,-0.0014231097884476185,-0.0036181968171149492,-1.0144262313842773
147.935,-4.551614284515381,-3.7963781356811523,-12.285094261169434,-0.002310162642970681,-0.004942838568240404,-1.0143870115280151
147.945,-4.552557945251465,-3.8209521770477295,-12.341179847717285,-0.0013073907466605306,-0.004607014823704958,-1.0149224996566772
147.955,-4.553205966949463,-3.845688819885254,-12.397384643554688,-0.0010760810691863298,-0.00436632614582777,-1.0154589414596558
147.965,-4.553557395935059,-3.870588541030884,-12.45370864868164,-0.001528399996459484,-0.003194988239556551,-1.0152255296707153
147.975,-4.553609848022461,-3.8956520557403564,-12.510154724121094,-0.00231735035777092,-0.004044642206281424,-1.0137016773223877
147.985,-4.5533623695373535,-3.9208805561065674,-12.56672477722168,-0.0013139719376340508,-0.0034434208646416664,-1.01564359664917
147.995,-4.55281400680542,-3.946274995803833,-12.623420715332031,-0.0016631177859380841,-0.004892584402114153,-1.0137742757797241
148.005,-4.551963806152344,-3.9718363285064697,-12.680243492126465,-0.0007838134188205004,-0.006091606803238392,-1.01360285282135
148.015,-4.550811767578125,-3.997565269470215,-12.737194061279297,0.0005653211264871061,-0.004121508914977312,-1.0149582624435425
148.025,-4.549356937408447,-4.023461818695068,-12.79427433013916,-0.0005182689637877047,-0.004154984373599291,-1.0116585493087769
148.035,-4.547597408294678,-4.049526214599609,-12.851486206054688,-0.0015701607335358858,-0.003992744721472263,-1.0131064653396606
148.045,-4.5455322265625,-4.075760364532471,-12.908832550048828,-0.0031924843788146973,-0.005675334017723799,-1.0140316486358643
148.055,-4.543160438537598,-4.102167129516602,-12.966314315795898,-0.001782207633368671,-0.005090018734335899,-1.0149978399276733
148.065,-4.540480613708496,-4.128747463226318,-13.023932456970215,-0.0007357403519563377,-0.004004220943897963,-1.014546275138855
148.075,-4.537491321563721,-4.155500888824463,-13.081687927246094,-0.002217777306213975,-0.004537452477961779,-1.014420747756958
148.085,-4.534191131591797,-4.18242883682251,-13.139582633972168,-0.003103062976151705,-0.003949293866753578,-1.0148752927780151
148.095,-4.53057861328125,-4.209533214569092,-13.19761848449707,-0.002501696813851595,-0.0033846742007881403,-1.0125095844268799
148.105,-4.5266523361206055,-4.236814498901367,-13.255797386169434,-0.001787342014722526,-0.005729306023567915,-1.0145272016525269
148.115,-4.522412300109863,-4.264272689819336,-13.31412124633789,0.001160238403826952,-0.003087135963141918,-1.014196515083313
148.125,-4.517857074737549,-4.291907787322998,-13.372590065002441,-0.0009533620905131102,-0.0038538777735084295,-1.0136414766311646
148.135,-4.5129852294921875,-4.3197197914123535,-13.431206703186035,-0.0009037664858624339,-0.0041147079318761826,-1.0135256052017212
148.145,-4.507795810699463,-4.347711086273193,-13.489973068237305,-0.0008238145965151489,-0.004946624394506216,-1.0139435529708862
148.155,-4.502288341522217,-4.375882148742676,-13.548890113830566,-0.0013173872139304876,-0.005247218068689108,-1.01190984249115
148.165,-4.496462345123291,-4.404234409332275,-13.60796070098877,-0.0026354328729212284,-0.004117803648114204,-1.0130521059036255
148.175,-4.490316390991211,-4.432769298553467,-13.66718578338623,-0.001691059791482985,-0.004571006633341312,-1.0134937763214111
148.185,-4.483848571777344,-4.461487770080566,-13.726568222045898,-0.002000698121264577,-0.003300625365227461,-1.012149453163147
148.195,-4.477057933807373,-4.490389823913574,-13.78610897064209,-0.0015230760909616947,-0.005776746664196253,-1.013305902481079
148.205,-4.469943523406982,-4.519476413726807,-13.845809936523438,0.0007596929208375514,-0.004806451499462128,-1.0145502090454102
148.215,-4.462505340576172,-4.548748016357422,-13.905670166015625,0.0007302205776795745,-0.005652904510498047,-1.0134203433990479
148.225,-4.454741954803467,-4.57820463180542,-13.965692520141602,-0.0005957072717137635,-0.00704971281811595,-1.0127726793289185
148.235,-4.446653842926025,-4.607847690582275,-14.025877952575684,0.0004870605771429837,-0.004417548421770334,-1.0128227472305298
148.245,-4.438239097595215,-4.637678146362305,-14.08622932434082,-0.0021118277218192816,-0.0021239318884909153,-1.0116790533065796
148.255,-4.429494380950928,-4.667696475982666,-14.146749496459961,-0.0010889681288972497,-0.004603125154972076,-1.0132261514663696
148.265,-4.420419216156006,-4.697904586791992,-14.207440376281738,-0.0033933541271835566,-0.00603486830368638,-1.0133326053619385
148.275,-4.411013126373291,-4.728304862976074,-14.268302917480469,-0.001465159235522151,-0.004551439546048641,-1.014190673828125
148.285,-4.401275157928467,-4.75889778137207,-14.329337120056152,-0.0008499714895151556,-0.003081928240135312,-1.0119904279708862
148.295,-4.3912034034729,-4.789682388305664,-14.390546798706055,-0.00189616484567523,-0.002995315007865429,-1.0131412744522095
148.305,-4.380796432495117,-4.820659637451172,-14.451932907104492,-0.002097844844684005,-0.0035125066060572863,-1.0123664140701294
148.315,-4.370053291320801,-4.851830959320068,-14.513498306274414,-8.804572280496359e-05,-0.005025556776672602,-1.013968825340271
148.325,-4.358973979949951,-4.883196830749512,-14.57524299621582,-0.0012253435561433434,-0.005347285885363817,-1.0147191286087036
148.335,-4.347557544708252,-4.914758205413818,-14.637167930603027,-0.0003405289608053863,-0.004474009852856398,-1.013885498046875
148.345,-4.3358025550842285,-4.946516036987305,-14.699275016784668,-0.002609203103929758,-0.0040606181137263775,-1.0120655298233032
148.355,-4.3237080574035645,-4.978471279144287,-14.761568069458008,-0.002676799427717924,-0.004363304004073143,-1.0123200416564941
148.365,-4.311273097991943,-5.01062536239624,-14.82404899597168,-0.0015215722378343344,-0.004188913386315107,-1.0135219097137451
148.375,-4.298496246337891,-5.042978763580322,-14.886717796325684,0.0004955522599630058,-0.0026503123808652163,-1.0147682428359985
148.385,-4.285375595092773,-5.075531005859375,-14.949576377868652,-0.0010626959847286344,-0.0022625713609158993,-1.0146511793136597
148.395,-4.271909713745117,-5.108283042907715,-15.012625694274902,-0.00270212534815073,-0.0031115389429032803,-1.0136555433273315
148.405,-4.258097171783447,-5.141236305236816,-15.075868606567383,-0.0011770997662097216,-0.002319934545084834,-1.011821985244751
148.415,-4.2439374923706055,-5.174391269683838,-15.139307975769043,0.0013653284404426813,-0.005222889594733715,-1.0142275094985962
148.425,-4.229430675506592,-5.207747459411621,-15.202943801879883,0.0013772912789136171,-0.004201212897896767,-1.0126327276229858
148.435,-4.2145771980285645,-5.241305828094482,-15.266777038574219,-0.0012051657540723681,-0.0046357098035514355,-1.0132689476013184
148.445,-4.199375629425049,-5.2750678062438965,-15.330810546875,-0.003213898278772831,-0.004817758221179247,-1.012531042098999
148.455,-4.1838250160217285,-5.3090362548828125,-15.395047187805176,-0.000899863603990525,-0.0051454477943480015,-1.0124565362930298
148.465,-4.167924404144287,-5.3432111740112305,-15.459487915039062,-0.0006804499425925314,-0.0036512871738523245,-1.0144027471542358
148.475,-4.151671886444092,-5.37759256362915,-15.524134635925293,-0.00235088006593287,-0.00507226912304759,-1.0139669179916382
148.485,-4.135066509246826,-5.412182331085205,-15.588988304138184,-0.0008042631088756025,-0.00725701404735446,-1.0143649578094482
148.495,-4.118109226226807,-5.446981430053711,-15.65404987335205,-0.0015973540721461177,-0.005204307846724987,-1.0159369707107544
148.505,-4.1007981300354,-5.481990814208984,-15.719320297241211,-0.0008476685616187751,-0.0034661577083170414,-1.0129278898239136
148.515,-4.083131313323975,-5.517210483551025,-15.784802436828613,-0.0008299477049149573,-0.0032136430963873863,-1.0120104551315308
148.525,-4.065107822418213,-5.552639961242676,-15.850500106811523,-0.0004548881552182138,-0.005768387578427792,-1.015244483947754
148.535,-4.046727180480957,-5.588281154632568,-15.916413307189941,-0.0016336196567863226,-0.0050805541686713696,-1.0150275230407715
148.545,-4.027988433837891,-5.624135494232178,-15.982542991638184,-0.002459748648107052,-0.00403166376054287,-1.0133687257766724
148.555,-4.008889675140381,-5.66020393371582,-16.048891067504883,-0.002564256312325597,-0.004200187046080828,-1.0142720937728882
148.565,-3.9894301891326904,-5.6964874267578125,-16.115461349487305,-0.0026939953677356243,-0.005082468967884779,-1.0113370418548584
148.575,-3.9696099758148193,-5.732986927032471,-16.1822566986084,-0.0010169262532144785,-0.0035374131985008717,-1.0123404264450073
148.585,-3.9494283199310303,-5.7697014808654785,-16.249279022216797,-0.0020366962999105453,-0.002858693478628993,-1.0132290124893188
148.595,-3.9288828372955322,-5.806632041931152,-16.316530227661133,-0.0019290322670713067,-0.0044756378047168255,-1.0151697397232056
148.605,-3.907972574234009,-5.843780517578125,-16.384010314941406,-0.0010666889138519764,-0.00430487934499979,-1.0137525796890259
148.615,-3.8866968154907227,-5.8811469078063965,-16.45172119140625,-0.00209250976331532,-0.001573114306665957,-1.0151187181472778
148.625,-3.865053653717041,-5.918731689453125,-16.519664764404297,-0.0025090938434004784,-0.004576344043016434,-1.0134832859039307
148.635,-3.8430421352386475,-5.956536293029785,-16.58784294128418,-0.0012740675592795014,-0.003901692805811763,-1.014264464378357
148.645,-3.820662498474121,-5.994561672210693,-16.65625762939453,-0.00026193802477791905,-0.004177310969680548,-1.0136165618896484
148.655,-3.7979142665863037,-6.032807350158691,-16.72490882873535,-0.0007847846718505025,-0.00556977977976203,-1.0149240493774414
148.665,-3.774796724319458,-6.071274280548096,-16.793800354003906,-0.002393096685409546,-0.004513121210038662,-1.0130993127822876
148.675,-3.7513091564178467,-6.109963417053223,-16.862932205200195,-0.002646098379045725,-0.0032458514906466007,-1.012778878211975
148.685,-3.727449893951416,-6.148876190185547,-16.932310104370117,-0.0006289702141657472,-0.0029233074747025967,-1.0151857137680054
148.695,-3.7032172679901123,-6.188013076782227,-17.00193214416504,-0.0025927096139639616,-0.003803965635597706,-1.015792727470398
148.705,-3.67861008644104,-6.22737455368042,-17.071802139282227,-0.0003048956277780235,-0.004904789850115776,-1.012886643409729
148.715,-3.6536290645599365,-6.266961574554443,-17.14192008972168,-0.0013387587387114763,-0.0057811918668448925,-1.0135278701782227
148.725,-3.628274440765381,-6.306774139404297,-17.212289810180664,-0.0031278093811124563,-0.004531940445303917,-1.0126537084579468
148.735,-3.6025450229644775,-6.346813678741455,-17.282913208007812,0.00018702341185417026,-0.003137726103886962,-1.01382577419281
148.745,-3.5764389038085938,-6.387080192565918,-17.353792190551758,-0.0004145351704210043,-0.004655683878809214,-1.0148835182189941
148.755,-3.549955129623413,-6.4275736808776855,-17.4249267578125,-0.0008201565942727029,-0.0066572823561728,-1.013769507408142
148.765,-3.523094415664673,-6.468295574188232,-17.496318817138672,-0.0015664556995034218,-0.00578173715621233,-1.013476014137268
148.775,-3.495856285095215,-6.509247303009033,-17.567970275878906,-0.0025865896604955196,-0.00427549472078681,-1.0140328407287598
148.785,-3.468238592147827,-6.550429821014404,-17.63988494873047,-0.0006425495375879109,-0.0030047039035707712,-1.0144805908203125
148.795,-3.4402389526367188,-6.591843128204346,-17.712064743041992,-0.0029223342426121235,-0.0027700341306626797,-1.0149062871932983
148.805,-3.411856174468994,-6.633488178253174,-17.78451156616211,-0.0049095130525529385,-0.0037963285576552153,-1.0145816802978516
148.815,-3.383089542388916,-6.675367832183838,-17.857227325439453,-0.0011523425346240401,-0.0042292396537959576,-1.0151020288467407
148.825,-3.3539388179779053,-6.71748161315918,-17.930212020874023,-6.702171231154352e-05,-0.00440634461119771,-1.0142959356307983
148.835,-3.324404001235962,-6.759828090667725,-18.003469467163086,-0.0016972089651972055,-0.0038033872842788696,-1.0127208232879639
148.845,-3.2944846153259277,-6.802408218383789,-18.07699966430664,2.6156969397561625e-05,-0.0026747388765215874,-1.0121989250183105
148.855,-3.2641794681549072,-6.845221519470215,-18.150808334350586,-0.0007050659041851759,-0.0046175033785402775,-1.0131052732467651
