137.407,-0.19559726119041443,0.02034306526184082,0.02155481092631817,-0.014112908393144608,-0.0015025380998849869,1.0030035972595215
137.417,-0.19591568410396576,0.02015271969139576,0.021572882309556007,-0.01521954033523798,-0.0031845613848417997,1.0033198595046997
137.427,-0.19817961752414703,0.02101004496216774,0.021595919504761696,-0.012289121747016907,-0.0007296076510101557,1.0012444257736206
137.437,-0.19673509895801544,0.01878569833934307,0.02160915732383728,-0.02599058672785759,-0.005197657272219658,1.0038731098175049
137.447,-0.19551490247249603,0.020888512954115868,0.020966874435544014,-0.017104042693972588,0.011603312566876411,1.0022910833358765
137.457,-0.19617082178592682,0.019759129732847214,0.02100054919719696,-0.024266652762889862,-0.009574337862432003,0.9992814064025879
137.467,-0.19652339816093445,0.020028067752718925,0.020976196974515915,-0.006895070895552635,-0.004960346035659313,1.0079964399337769
137.477,-0.19715866446495056,0.020219380035996437,0.020970208570361137,-0.005820835009217262,-0.006463122088462114,1.0038038492202759
137.487,-0.19671671092510223,0.0198036041110754,0.020951755344867706,-0.01806945912539959,-0.004407299216836691,0.9965546131134033
137.497,-0.19635708630084991,0.021446965634822845,0.02015862800180912,-0.00945958774536848,-0.0019106492400169373,0.993090808391571
137.507,-0.1961478292942047,0.020882176235318184,0.02011304534971714,-0.0063877468928694725,0.001235384726896882,0.9917919635772705
137.517,-0.197160005569458,0.02185104973614216,0.020070470869541168,-0.0028079431504011154,-0.008491786196827888,0.9890246987342834
137.527,-0.19672176241874695,0.022336717694997787,0.02000821940600872,-0.011967948637902737,-0.012213536538183689,1.0009957551956177
137.537,-0.19732652604579926,0.020932642742991447,0.02035975269973278,-0.013130645267665386,-0.00040287297451868653,1.017708420753479
137.547,-0.19825249910354614,0.021201282739639282,0.020301640033721924,-0.0021479518618434668,-0.0005411452148109674,1.0046703815460205
137.557,-0.19680115580558777,0.022206300869584084,0.020260494202375412,0.0035171706695109606,-0.0011813095770776272,1.0251493453979492
137.567,-0.19716425240039825,0.021353863179683685,0.020296107977628708,-0.024268174543976784,0.01671658270061016,1.0304219722747803
137.577,-0.19670526683330536,0.023541484028100967,0.020317617803812027,-0.021221568807959557,0.008203510195016861,1.0227630138397217
137.587,-0.19607290625572205,0.022728707641363144,0.020652519538998604,-0.025352315977215767,-0.0025546373799443245,1.0367200374603271
137.597,-0.19648005068302155,0.024096444249153137,0.020764227956533432,0.0012895753607153893,0.0021215062588453293,0.9803850054740906
137.607,-0.19630800187587738,0.022872762754559517,0.020855987444519997,-0.016013462096452713,0.013654016889631748,0.9978573322296143
137.617,-0.19686752557754517,0.02356143482029438,0.020897366106510162,-0.010930645279586315,0.012637344188988209,0.9971855878829956
137.627,-0.19629614055156708,0.026267850771546364,0.01934834010899067,-0.012299623340368271,-0.0014238896546885371,0.9867659211158752
137.637,-0.1970565766096115,0.024623990058898926,0.01935339719057083,-0.03249261900782585,0.0028883127961307764,1.0609709024429321
137.647,-0.19818857312202454,0.02718045562505722,0.01929725520312786,-0.02219005860388279,-0.01764185167849064,0.992759108543396
137.657,-0.1989707499742508,0.02664964646100998,0.019266877323389053,-0.008404551073908806,-0.016729015856981277,0.9494567513465881
137.667,-0.19925110042095184,0.02721719816327095,0.018803253769874573,-0.01385558769106865,0.004485670942813158,1.0253928899765015
137.677,-0.1991642564535141,0.028440313413739204,0.018621955066919327,0.006522792391479015,-0.01683538407087326,0.9582213759422302
137.687,-0.19993706047534943,0.026178091764450073,0.01849466748535633,-0.008541594259440899,-0.02226855978369713,1.023249864578247
137.697,-0.20012526214122772,0.026921257376670837,0.018432773649692535,-0.00558407511562109,-0.02548535354435444,1.062850832939148
137.707,-0.20093154907226562,0.02984924614429474,0.0182903204113245,-0.0031644676346331835,-0.02291458286345005,1.0559488534927368
137.717,-0.201958566904068,0.030915122479200363,0.021165836602449417,-0.0038591453339904547,-0.033298373222351074,1.0620344877243042
137.727,-0.20150861144065857,0.03120170533657074,0.021376727148890495,0.0022207002621144056,-0.006195021793246269,1.0445241928100586
137.737,-0.2004195600748062,0.0331043042242527,0.021500524133443832,0.002835668157786131,-0.0021466000471264124,1.0281639099121094
137.747,-0.2008369266986847,0.034644559025764465,0.02188737876713276,-0.01643386110663414,-0.027307679876685143,1.0800303220748901
137.757,-0.19960570335388184,0.03717237338423729,0.021389158442616463,-0.012172008864581585,-0.009300517849624157,1.0853620767593384
137.767,-0.1991535723209381,0.038157232105731964,0.021833378821611404,-6.302203109953552e-05,-0.020474402233958244,1.0892950296401978
137.777,-0.2000523805618286,0.04061180353164673,0.022267891094088554,0.01628737524151802,-0.018753373995423317,1.1002789735794067
137.787,-0.1986510157585144,0.041230738162994385,0.022911686450242996,0.022816507145762444,-0.022489985451102257,1.1052839756011963
137.797,-0.19790266454219818,0.04159529134631157,0.023735690861940384,0.015129832550883293,-0.00130859250202775,1.1404038667678833
137.807,-0.19927656650543213,0.040380265563726425,0.01865183375775814,-0.0013594715856015682,-0.025342682376503944,1.152357578277588
137.817,-0.19822810590267181,0.0411636047065258,0.019329432398080826,0.009992316365242004,0.012484952807426453,1.189004898071289
137.827,-0.19715562462806702,0.0389578603208065,0.019345587119460106,0.01005741860717535,0.015688719227910042,1.2098908424377441
137.837,-0.19190581142902374,0.03623845428228378,0.020097915083169937,0.0032909295987337828,0.006568973883986473,1.206375241279602
137.847,-0.19144371151924133,0.036897867918014526,0.017549797892570496,0.0005930750630795956,-0.013558083213865757,1.2491912841796875
137.857,-0.18432363867759705,0.03563772141933441,0.0194740928709507,1.4600344044879421e-08,0.0020053258631378412,1.276195764541626
137.867,-0.18369132280349731,0.03510671481490135,0.0192850474268198,-0.008406325243413448,-0.020926259458065033,1.2827082872390747
137.877,-0.18292555212974548,0.03507864102721214,0.020848063752055168,-0.007494521327316761,-0.008571669459342957,1.2989916801452637
137.887,-0.18142575025558472,0.03326095640659332,0.02247471921145916,0.016150733456015587,-0.00036667732638306916,1.3034610748291016
137.897,-0.18305614590644836,0.033560872077941895,0.025886837393045425,0.000846032693516463,-0.0032318327575922012,1.3016119003295898
137.907,-0.18286991119384766,0.035418059676885605,0.028526868671178818,-0.012748361565172672,-0.0037626277189701796,1.3429722785949707
137.917,-0.17730987071990967,0.03328729420900345,0.03085816465318203,-0.0053359572775661945,-0.00886907335370779,1.3473182916641235
137.927,-0.17836478352546692,0.031039627268910408,0.03406960517168045,-0.0006599129410460591,-0.005722088739275932,1.358373761177063
137.937,-0.17792078852653503,0.03348756209015846,0.035521384328603745,0.00556939747184515,-0.0054687573574483395,1.3512630462646484
137.947,-0.17682485282421112,0.0345243476331234,0.039043426513671875,-0.0008715398726053536,0.0029017396736890078,1.3487781286239624
137.957,-0.17680591344833374,0.03317936509847641,0.04309100657701492,-0.0008362348889932036,-0.00285839824937284,1.3450267314910889
137.967,-0.17583248019218445,0.03186459839344025,0.04720832780003548,0.0012864361051470041,-0.0023681523744016886,1.3395195007324219
137.977,-0.1750067174434662,0.031302500516176224,0.05428192391991615,-0.001262199366465211,-0.0011712105479091406,1.3300483226776123
137.987,-0.1722361296415329,0.03276940807700157,0.05940558761358261,0.005072592757642269,-0.008722100406885147,1.334429383277893
137.997,-0.1735045611858368,0.031501248478889465,0.06487669050693512,0.013379480689764023,-0.009523254819214344,1.329810380935669
138.007,-0.17379851639270782,0.030079390853643417,0.07071910053491592,0.013768017292022705,-0.011248107068240643,1.3053605556488037
138.017,-0.1750985085964203,0.032068878412246704,0.07714635878801346,0.011861024424433708,-0.014174645766615868,1.2866084575653076
138.027,-0.17826735973358154,0.03215303272008896,0.09351503103971481,0.006575805135071278,-0.009499470703303814,1.2722567319869995
138.037,-0.18337194621562958,0.030919458717107773,0.09344030916690826,0.0020470772869884968,0.0010895056184381247,1.2588517665863037
138.047,-0.18435074388980865,0.032414861023426056,0.10062854737043381,-0.0015170763945207,0.008900146931409836,1.2456244230270386
138.057,-0.18442203104496002,0.027574447914958,0.10775250941514969,-0.004007535520941019,-0.0026893180329352617,1.2344342470169067
138.067,-0.18641941249370575,0.027416693046689034,0.11439252644777298,0.0012386415619403124,-0.020335910841822624,1.215635895729065
138.077,-0.18789975345134735,0.02924773283302784,0.12231820076704025,0.004934179130941629,-0.0055731069296598434,1.2056559324264526
138.087,-0.18877990543842316,0.024108046665787697,0.13014374673366547,0.007806423120200634,0.0047387611120939255,1.1731901168823242
138.097,-0.18939612805843353,0.024445433169603348,0.13836604356765747,-0.0030515557155013084,-0.004688046406954527,1.1629009246826172
138.107,-0.18970613181591034,0.023425022140145302,0.14673495292663574,0.005288024432957172,-0.0005904525751248002,1.1624391078948975
138.117,-0.19073215126991272,0.023964550346136093,0.15443584322929382,0.021624861285090446,-0.013852841220796108,1.1266343593597412
138.127,-0.19123037159442902,0.02344006672501564,0.1630871742963791,0.01639823243021965,0.008190693333745003,1.1105774641036987
138.137,-0.19153659045696259,0.025245726108551025,0.1719484180212021,0.017846083268523216,0.000949712295550853,1.1019506454467773
138.147,-0.19291570782661438,0.02425580658018589,0.1808013916015625,0.023735927417874336,-0.005637706257402897,1.1019682884216309
138.157,-0.19480231404304504,0.024914437904953957,0.1883481740951538,0.023128733038902283,0.0138675756752491,1.0991973876953125
138.167,-0.19573231041431427,0.024016430601477623,0.1973365843296051,0.01629628613591194,-0.006695558782666922,1.061715006828308
138.177,-0.19628570973873138,0.02432709001004696,0.20644472539424896,0.024829886853694916,-0.01573299616575241,1.0524790287017822
138.187,-0.19641698896884918,0.02465073950588703,0.21560418605804443,0.023887205868959427,0.00044395835720933974,1.0505601167678833
138.197,-0.19651906192302704,0.026056872680783272,0.2271091490983963,-0.008788934908807278,-0.018753862008452415,1.0678900480270386
138.207,-0.19802707433700562,0.026715310290455818,0.23648451268672943,-0.0009984589414671063,-0.015261495485901833,1.0380206108093262
138.217,-0.19919024407863617,0.02588534541428089,0.24592971801757812,0.009237600490450859,-0.011353016830980778,1.0189507007598877
138.227,-0.19982002675533295,0.02623920515179634,0.25541824102401733,0.027352379634976387,0.0021310646552592516,1.0278211832046509
138.237,-0.202356219291687,0.025509623810648918,0.26490867137908936,-0.0005683650961145759,0.0044584753923118114,1.0328413248062134
138.247,-0.20291556417942047,0.026172200217843056,0.2734730839729309,-0.001092970953322947,-0.028672758489847183,1.0096861124038696
138.257,-0.2023162990808487,0.027252264320850372,0.28298214077949524,0.013746565207839012,-0.015330705791711807,1.0122654438018799
138.267,-0.20225436985492706,0.029882580041885376,0.2925117611885071,0.005584627389907837,-0.038787949830293655,1.0059610605239868
138.277,-0.20294220745563507,0.028040811419487,0.3020346462726593,0.04553808644413948,-0.008800222538411617,0.9733602404594421
138.287,-0.203733891248703,0.028833327814936638,0.31245362758636475,-0.0017234820406883955,-0.01596427522599697,0.9994279742240906
138.297,-0.2042640745639801,0.03081521950662136,0.322041392326355,0.012431439943611622,-0.005135017447173595,0.9947749972343445
138.307,-0.20325955748558044,0.03305786848068237,0.3316127359867096,0.008144617080688477,-0.006240435875952244,1.0189000368118286
138.317,-0.2041303813457489,0.03322746977210045,0.34119197726249695,0.011341850273311138,-0.013664500787854195,0.975295901298523
138.327,-0.20454055070877075,0.033098891377449036,0.351931095123291,0.0021427911706268787,-0.01947685144841671,0.9805088043212891
138.337,-0.20327666401863098,0.03386003524065018,0.36153444647789,0.023549607023596764,-0.009137519635260105,0.9740433096885681
138.347,-0.2038624882698059,0.034936029464006424,0.37112894654273987,0.0020889306906610727,-0.011209298856556416,0.9845213294029236
138.357,-0.20262764394283295,0.03497971221804619,0.38065630197525024,0.0037059602327644825,0.012414099648594856,0.9988237023353577
138.367,-0.20271261036396027,0.034239381551742554,0.39019134640693665,0.004594648256897926,-0.015168964862823486,1.0225858688354492
138.377,-0.20311124622821808,0.0351705364882946,0.3998279273509979,0.021108612418174744,-0.015319633297622204,0.973524808883667
138.387,-0.20288950204849243,0.03545934334397316,0.41034623980522156,0.00823331717401743,-0.024562904611229897,0.9559333324432373
138.397,-0.20375436544418335,0.0362759567797184,0.41988804936408997,0.01874493807554245,0.0005047123995609581,0.9680742025375366
138.407,-0.20257221162319183,0.03732074797153473,0.42938655614852905,-0.0017773954896256328,-0.004439670126885176,0.9897056818008423
138.417,-0.20227880775928497,0.03699410334229469,0.4388807713985443,0.0031225583516061306,0.0013264446752145886,0.9991192817687988
138.427,-0.201748326420784,0.03126507252454758,0.44832688570022583,-0.001081469701603055,-0.024180283769965172,1.0192066431045532
138.437,-0.20165809988975525,0.032019659876823425,0.4577837586402893,0.021944016218185425,-0.02053050510585308,0.9784811735153198
138.447,-0.2010296881198883,0.032273612916469574,0.4672359824180603,0.011747011914849281,-0.04322735592722893,0.9485283493995667
138.457,-0.2004941701889038,0.03332219645380974,0.4782787263393402,0.0031913139391690493,-0.016018860042095184,0.9667441844940186
138.467,-0.2002384215593338,0.034977275878190994,0.4877699315547943,0.000536134175490588,0.01397220604121685,1.0246715545654297
138.477,-0.201368048787117,0.03459267318248749,0.4972490072250366,-0.008761109784245491,0.0031096823513507843,1.0189951658248901
138.487,-0.20155471563339233,0.03375357761979103,0.5067228078842163,0.004401362966746092,-0.01245469693094492,1.0022472143173218
138.497,-0.20068907737731934,0.033700935542583466,0.5162075161933899,0.01550670899450779,-0.016984621062874794,0.9943640232086182
138.507,-0.19856368005275726,0.03563404828310013,0.5233674049377441,0.017430201172828674,-0.02184484340250492,0.9678730368614197
138.517,-0.19994892179965973,0.03613615036010742,0.5327296853065491,0.01772858016192913,-0.02079036273062229,0.9775776267051697
138.527,-0.1977575123310089,0.03694642707705498,0.5420529246330261,0.009478764608502388,-0.011227867566049099,0.987640380859375
138.537,-0.19836941361427307,0.03692743927240372,0.5513852834701538,-0.012359343469142914,0.0009459205321036279,1.0072364807128906
138.547,-0.20031258463859558,0.038229864090681076,0.5612075924873352,0.0008636621641926467,0.004545159172266722,1.031699299812317
138.557,-0.19854357838630676,0.03937303647398949,0.5705618858337402,0.023142047226428986,-0.015571802854537964,0.9918087720870972
138.567,-0.1984565109014511,0.04002876952290535,0.5799446105957031,0.030572274699807167,-0.03435342013835907,0.9597420692443848
138.577,-0.1970084011554718,0.03962523490190506,0.5893089175224304,0.018236756324768066,-0.030619652941823006,0.9565953612327576
138.587,-0.19689223170280457,0.042250506579875946,0.6010883450508118,0.009501182474195957,-0.01637047715485096,0.9885669350624084
138.597,-0.19584424793720245,0.040290869772434235,0.610503077507019,0.010658848099410534,0.00508694676682353,0.9992420077323914
138.607,-0.1970653384923935,0.041087452322244644,0.6199427247047424,-0.013303155079483986,-0.004897645674645901,0.9999203681945801
138.617,-0.1982482671737671,0.04247186705470085,0.6293887495994568,-0.0012552224798128009,-0.005345769692212343,1.0031574964523315
138.627,-0.19844584167003632,0.04171939566731453,0.6388155817985535,-0.010576710104942322,0.0070069944486021996,1.0289607048034668
138.637,-0.1978386789560318,0.04213009402155876,0.652346134185791,0.009123559109866619,-0.019044896587729454,0.9980586767196655
138.647,-0.19575780630111694,0.04123839735984802,0.6620092391967773,0.0196323674172163,-0.04350154474377632,0.9387948513031006
138.657,-0.19256781041622162,0.04477180168032646,0.6717015504837036,-0.0067086489871144295,-0.03436075896024704,0.9578471183776855
138.667,-0.194114089012146,0.04488247632980347,0.6813298463821411,-0.012896495871245861,0.0017889991868287325,1.014936923980713
138.677,-0.1880495399236679,0.04666774347424507,0.6893571019172668,0.023640558123588562,-0.024820057675242424,0.9347216486930847
138.687,-0.18630094826221466,0.04540364071726799,0.6988822221755981,-0.0028884634375572205,-0.024072125554084778,0.9348507523536682
138.697,-0.1847042292356491,0.047219593077898026,0.7083030939102173,0.01590469665825367,0.008306624367833138,0.9290534853935242
138.707,-0.18038226664066315,0.049286793917417526,0.717710018157959,0.009149202145636082,-0.009480057284235954,0.9142023324966431
138.717,-0.18239855766296387,0.04966013878583908,0.7273852825164795,0.0019783200696110725,-0.004468495026230812,0.9287944436073303
138.727,-0.1770665943622589,0.049864426255226135,0.736630916595459,0.001114202314056456,-0.012750962749123573,0.9117439985275269
138.737,-0.17429715394973755,0.05036919564008713,0.7458384037017822,-0.00044712895760312676,-0.016100259497761726,0.9023165702819824
138.747,-0.1723266839981079,0.05201970785856247,0.7549104690551758,0.002487834542989731,-0.01107407920062542,0.8794783353805542
138.757,-0.16883783042430878,0.054198864847421646,0.7639299631118774,0.009896215051412582,0.0033677236642688513,0.8699573874473572
138.767,-0.16876502335071564,0.052975334227085114,0.7727913856506348,0.006687534507364035,-0.005604840349406004,0.8743577003479004
138.777,-0.16215500235557556,0.05510687455534935,0.7815400958061218,-0.004822454880923033,-0.010519574396312237,0.8866451978683472
138.787,-0.15890218317508698,0.06001764163374901,0.7902123928070068,0.025013530626893044,0.008973618037998676,0.8439505696296692
138.797,-0.15694604814052582,0.05986091122031212,0.7986755967140198,0.009795000776648521,-0.0019118255004286766,0.8438584208488464
138.807,-0.15326887369155884,0.06336259841918945,0.8049405217170715,0.01259569451212883,-0.002462328178808093,0.8339458703994751
138.817,-0.15257558226585388,0.06285138428211212,0.8130033612251282,0.004949150141328573,0.003148543881252408,0.8291816711425781
138.827,-0.14542242884635925,0.06568950414657593,0.8209363222122192,-0.003697136417031288,-0.014633327722549438,0.8324006795883179
138.837,-0.14348386228084564,0.06656458228826523,0.8287197351455688,0.0009133651037700474,-0.0037746934685856104,0.8340227007865906
138.847,-0.1412574201822281,0.06717634946107864,0.8344447612762451,0.009084164164960384,-0.002297620754688978,0.838398277759552
138.857,-0.13613061606884003,0.07163790613412857,0.8417978286743164,0.009777897968888283,-0.0029789351392537355,0.8339487910270691
138.867,-0.13677653670310974,0.07293318957090378,0.8489653468132019,0.008622332476079464,-0.004819899331778288,0.8127447962760925
138.877,-0.13063862919807434,0.07599937915802002,0.8559595346450806,0.005559943616390228,-0.002529327990487218,0.8222528696060181
138.887,-0.13228315114974976,0.07617537677288055,0.8683707118034363,0.0013559217331930995,-0.006783478893339634,0.846176028251648
138.897,-0.12522992491722107,0.07865248620510101,0.8753268122673035,-0.008445022627711296,-0.006822708062827587,0.859381914138794
138.907,-0.12495886534452438,0.08299824595451355,0.8821789622306824,0.02186608500778675,-0.0008634250261820853,0.8252279162406921
138.917,-0.12644700706005096,0.08326635509729385,0.8888412714004517,0.0003464499895926565,-0.0038601704873144627,0.8298125267028809
138.927,-0.12365653365850449,0.08176976442337036,0.8953285217285156,0.0068382564932107925,0.003354869782924652,0.8213687539100647
138.937,-0.12793052196502686,0.08393393456935883,0.8990638256072998,0.010543780401349068,-0.003561719786375761,0.8247211575508118
138.947,-0.12299297004938126,0.08609262108802795,0.9050529599189758,0.01018703356385231,-0.0010114795295521617,0.8289560079574585
138.957,-0.12373345345258713,0.0863669216632843,0.9109004735946655,-0.002619231818243861,-0.018353335559368134,0.8332169651985168
138.967,-0.12668853998184204,0.09001361578702927,0.9165859222412109,0.002247306052595377,0.005909106228500605,0.822371244430542
138.977,-0.1251440942287445,0.09091631323099136,0.9181010127067566,-0.003618087852373719,-0.006643882021307945,0.8425247669219971
138.987,-0.1280648410320282,0.09099411964416504,0.9232220649719238,0.0028478160966187716,-0.00982534047216177,0.8274283409118652
138.997,-0.1253083497285843,0.0935816615819931,0.9281454682350159,-0.0029701797757297754,-0.004631508607417345,0.8535937666893005
139.007,-0.12350566685199738,0.0944344773888588,0.9329483509063721,0.0019197193905711174,-0.004280567169189453,0.8457981944084167
139.017,-0.12202245742082596,0.09589915722608566,0.9377738833427429,-0.0032273794058710337,-0.005475083366036415,0.8473968505859375
139.027,-0.12082965672016144,0.09804387390613556,0.9422748684883118,0.006992298644036055,-0.005285678431391716,0.8427630662918091
139.037,-0.12425678968429565,0.11347106844186783,0.9466361999511719,0.006709907669574022,0.0007927740225568414,0.85626220703125
139.047,-0.11964699625968933,0.1159777045249939,0.9508237838745117,0.011130331084132195,-0.02332822047173977,0.8615167737007141
139.057,-0.12298289686441422,0.11742035299539566,0.9549040794372559,0.011547164060175419,-0.01989738456904888,0.8710210919380188
139.067,-0.12132930010557175,0.1234390139579773,0.9590144753456116,0.005888812243938446,-0.02126426063477993,0.8850041031837463
139.077,-0.12139838933944702,0.12441018223762512,0.9628331661224365,0.016191575676202774,-0.013165860436856747,0.8800480961799622
139.087,-0.12541085481643677,0.12333685904741287,0.9665369987487793,0.013195282779633999,-0.008472023531794548,0.9015639424324036
139.097,-0.12336517870426178,0.12502577900886536,0.9700809717178345,0.01559525914490223,-0.01078102272003889,0.9135010838508606
139.107,-0.12713861465454102,0.1243862584233284,0.9762377738952637,0.018310612067580223,0.01531984843313694,0.8881260752677917
139.117,-0.125034362077713,0.12958179414272308,0.9797061681747437,0.010248164646327496,0.004194831009954214,0.8976102471351624
139.127,-0.12571445107460022,0.13004732131958008,0.9830993413925171,0.004495670087635517,-0.008652197197079659,0.8944861888885498
139.137,-0.13113246858119965,0.129938006401062,0.9863857626914978,0.0025520746130496264,-0.0069146063178777695,0.8952438831329346
139.147,-0.13299569487571716,0.1292882263660431,0.9926872253417969,0.006068024318665266,-0.010695114731788635,0.9006109237670898
139.157,-0.1388292908668518,0.12816333770751953,0.9959160685539246,0.021746911108493805,0.005137361120432615,0.8904684782028198
139.167,-0.14010578393936157,0.13201679289340973,0.9993337988853455,0.02068871073424816,0.007615977898240089,0.8780232667922974
139.177,-0.142078697681427,0.13265360891819,1.002338171005249,0.010001263581216335,-0.007948391139507294,0.9132617712020874
139.188,-0.14632254838943481,0.13491423428058624,1.002622365951538,-0.00029040544177405536,-0.011490030214190483,0.9293952584266663
139.197,-0.14671003818511963,0.13559675216674805,1.0055298805236816,0.010047724470496178,-0.00545792980119586,0.9004200100898743
139.207,-0.15335619449615479,0.13576923310756683,1.0080790519714355,0.016536785289645195,-0.006177511531859636,0.9083369970321655
139.217,-0.15486861765384674,0.13833394646644592,1.0105234384536743,0.014947285875678062,0.0009502329048700631,0.9342952966690063
139.227,-0.15880770981311798,0.13657641410827637,1.0129047632217407,0.0037297792732715607,0.006964356172829866,0.938113272190094
139.237,-0.16322165727615356,0.13808037340641022,1.0173293352127075,0.015744227916002274,0.0009378072572872043,0.9188650846481323
139.247,-0.1658981293439865,0.13680408895015717,1.019656777381897,0.01218290813267231,-0.0037662640679627657,0.9404142498970032
139.257,-0.17432737350463867,0.13854219019412994,1.0219459533691406,0.011672265827655792,-0.0007942572119645774,0.9500834941864014
139.267,-0.1774498075246811,0.14119300246238708,1.0241508483886719,0.019467255100607872,-0.00025195354828611016,0.9238100051879883
139.277,-0.18673233687877655,0.13658960163593292,1.0191164016723633,0.013249888084828854,-0.00412708381190896,0.9453087449073792
139.287,-0.1912233680486679,0.14241299033164978,1.0208030939102173,0.014075564220547676,-0.004813310224562883,0.9223662614822388
139.297,-0.19100210070610046,0.14069277048110962,1.0223867893218994,0.02167067863047123,-0.010802200064063072,0.9317656755447388
139.307,-0.1936969757080078,0.13922610878944397,1.023917317390442,0.005860273260623217,-0.003159060375764966,0.9729703068733215
139.317,-0.19666482508182526,0.13657154142856598,1.0263410806655884,0.03696482256054878,-0.007794803008437157,0.9291671514511108
139.327,-0.20506514608860016,0.13916999101638794,1.0277976989746094,-3.606421887525357e-05,0.0002174038381781429,0.9620699882507324
139.337,-0.20925776660442352,0.14401336014270782,1.0292178392410278,0.02192734368145466,-0.0016387973446398973,0.9548380374908447
139.347,-0.21439924836158752,0.14397943019866943,1.0305849313735962,0.01599234901368618,0.001165417255833745,0.9693179726600647
139.357,-0.2203749418258667,0.14902248978614807,1.0319496393203735,0.010162417776882648,-0.019809402525424957,0.9884335398674011
139.367,-0.22372332215309143,0.14815038442611694,1.0304511785507202,0.014311923645436764,0.013604303821921349,0.9888531565666199
139.377,-0.2290148288011551,0.15046119689941406,1.0315959453582764,0.01415027491748333,-0.00404696399345994,0.9854307770729065
139.387,-0.23435476422309875,0.14617876708507538,1.0327125787734985,0.018527641892433167,0.0011190039804205298,0.9703797698020935
139.397,-0.24085329473018646,0.1429990977048874,1.0337897539138794,0.010526314377784729,0.01707998476922512,0.9877043962478638
139.407,-0.24410703778266907,0.1418578028678894,1.0351426601409912,0.023610442876815796,-0.02374810166656971,0.9883984327316284
139.417,-0.24463878571987152,0.14173376560211182,1.036220908164978,0.015375555492937565,0.018275033682584763,1.01258385181427
139.427,-0.2541581988334656,0.1459638625383377,1.0372849702835083,0.011136993765830994,0.0002839249500539154,1.0239466428756714
139.437,-0.25818392634391785,0.14809802174568176,1.0383793115615845,0.029456110671162605,-0.0014793609734624624,0.9896003603935242
139.447,-0.2627960443496704,0.14716927707195282,1.0384721755981445,0.011626566760241985,-0.005025642458349466,0.9973182082176208
139.457,-0.26903077960014343,0.14503131806850433,1.0395108461380005,0.013438825495541096,0.017903314903378487,1.021905541419983
139.467,-0.27220553159713745,0.14266641438007355,1.0405241250991821,0.015605352818965912,0.0006903724861331284,1.0166507959365845
139.477,-0.27972412109375,0.1479121297597885,1.0415705442428589,0.013646516017615795,0.013943677768111229,1.004112958908081
139.487,-0.28432950377464294,0.1510353684425354,1.0426270961761475,0.006944205611944199,0.016850290820002556,1.0084083080291748
139.497,-0.2888675928115845,0.14527249336242676,1.0448476076126099,0.012418629601597786,0.00202013086527586,1.0301896333694458
139.507,-0.2949294447898865,0.1514805406332016,1.0459948778152466,0.02413731813430786,0.010971729643642902,1.0210658311843872
139.517,-0.2930464446544647,0.1528623253107071,1.047135829925537,-0.007319480646401644,0.00861422810703516,1.0238804817199707
139.527,-0.2977900505065918,0.15123777091503143,1.0482839345932007,0.01498397160321474,0.007731999270617962,1.0173343420028687
139.537,-0.30186206102371216,0.14722859859466553,1.0465229749679565,0.021727055311203003,-0.0201609805226326,0.9888002276420593
139.547,-0.3059128224849701,0.14519686996936798,1.0475202798843384,0.009180707857012749,0.028719494119286537,1.0422471761703491
139.557,-0.30928871035575867,0.14381395280361176,1.0485405921936035,0.006345983128994703,0.017284933477640152,1.0235713720321655
139.567,-0.3148132860660553,0.13993895053863525,1.049543023109436,0.028903216123580933,0.020507091656327248,0.9825408458709717
139.577,-0.3173467516899109,0.1386200338602066,1.0479592084884644,0.013714869506657124,0.000727461650967598,0.9857439994812012
139.587,-0.31938445568084717,0.13381683826446533,1.0488190650939941,0.0005843056133016944,0.02653251402080059,1.0373014211654663
139.597,-0.3222007751464844,0.13245651125907898,1.049687385559082,0.003989360760897398,0.003593931207433343,1.01217782497406
139.607,-0.3301083445549011,0.1447746604681015,1.0506123304367065,0.015129780396819115,-0.04265288636088371,0.9895405173301697
139.617,-0.33318987488746643,0.145293727517128,1.0500836372375488,0.006315460428595543,-0.011963088065385818,1.0137263536453247
139.627,-0.33786940574645996,0.15395089983940125,1.0508666038513184,0.009146262891590595,0.009356934577226639,1.0437219142913818
139.637,-0.3395436108112335,0.1532130092382431,1.0516774654388428,0.021536001935601234,0.003988862037658691,0.9857745170593262
139.647,-0.3500930368900299,0.1611938774585724,1.0524976253509521,-0.017064446583390236,0.013006994500756264,1.0278728008270264
139.657,-0.3564860224723816,0.16826289892196655,1.0533517599105835,0.015866974368691444,0.0427432581782341,1.033729076385498
139.667,-0.35917341709136963,0.16476823389530182,1.0519599914550781,0.001669757068157196,0.03165353834629059,1.0220423936843872
139.677,-0.3642135262489319,0.17428423464298248,1.0527273416519165,0.021040908992290497,-0.007384609431028366,1.0234084129333496
139.687,-0.3674450218677521,0.1711403727531433,1.0534553527832031,0.0045410022139549255,0.0034648089203983545,1.0171040296554565
139.697,-0.3721756935119629,0.1794263869524002,1.054201364517212,0.0018059007124975324,0.02954532951116562,1.0580531358718872
139.707,-0.37907132506370544,0.1899115890264511,1.0519237518310547,0.003634694730862975,0.016845664009451866,1.0184789896011353
139.717,-0.3823543190956116,0.18635399639606476,1.0525333881378174,0.004816303960978985,0.01364124845713377,1.016847014427185
139.727,-0.38773682713508606,0.19333778321743011,1.0531985759735107,0.001422158326022327,-0.0124969482421875,1.009691834449768
139.737,-0.3886471092700958,0.19126367568969727,1.0538326501846313,0.012925105169415474,0.012490218505263329,1.0165706872940063
139.747,-0.3938484787940979,0.18863430619239807,1.0587598085403442,-0.017619295045733452,0.012540697120130062,1.032939076423645
139.757,-0.40034353733062744,0.1969393491744995,1.0596750974655151,0.001214872463606298,0.019319910556077957,1.0257772207260132
139.767,-0.40330958366394043,0.1934935748577118,1.0605453252792358,-0.002961056772619486,-0.012385622598230839,1.028497338294983
139.777,-0.4105367660522461,0.2000630795955658,1.0614925622940063,0.009393539279699326,0.003077851375564933,0.9994115233421326
139.787,-0.4120928645133972,0.19765408337116241,1.0624014139175415,-0.007970105856657028,0.011800011619925499,1.0272433757781982
139.797,-0.4199860990047455,0.2046791911125183,1.0637329816818237,-0.009649299085140228,0.02996121160686016,1.0340827703475952
139.807,-0.42317718267440796,0.21104274690151215,1.0646940469741821,-0.0035654238890856504,0.024691671133041382,1.0169440507888794
139.817,-0.4266241490840912,0.2093324363231659,1.0656466484069824,0.0005254679126664996,0.0037913713604211807,1.026471495628357
139.827,-0.43410757184028625,0.21671906113624573,1.0666526556015015,6.0095222579548135e-05,0.0018725652480497956,0.9925935864448547
139.837,-0.43460389971733093,0.2138572782278061,1.0728769302368164,-0.004355309065431356,0.0008436000207439065,1.011967420578003
139.847,-0.4411359429359436,0.22129671275615692,1.0741260051727295,-0.013625890016555786,0.018875986337661743,1.020527720451355
139.857,-0.4448346793651581,0.22542548179626465,1.0753840208053589,-0.0016186420107260346,0.019632482901215553,0.9951654672622681
139.867,-0.4490030109882355,0.22248241305351257,1.0767433643341064,-0.006626487243920565,-0.006557704880833626,0.9591848850250244
139.877,-0.4543173611164093,0.2289787381887436,1.0759809017181396,-0.003629472339525819,0.03745868057012558,1.003328800201416
139.887,-0.4550687372684479,0.2211548537015915,1.0769996643066406,-0.011366075836122036,-0.003922943491488695,0.9843559265136719
139.897,-0.4595402181148529,0.22585950791835785,1.0780357122421265,-0.027965305373072624,-0.010997884906828403,1.0003350973129272
139.907,-0.4624112844467163,0.23596571385860443,1.0790337324142456,-0.003022790653631091,0.03169547766447067,0.990221381187439
139.917,-0.46717721223831177,0.23438242077827454,1.0800127983093262,-0.0074091521091759205,0.01684524118900299,0.9989030361175537
139.927,-0.47306153178215027,0.23946061730384827,1.082621693611145,-0.018669353798031807,0.017125438898801804,0.9821397066116333
139.937,-0.4746403694152832,0.23791170120239258,1.0836033821105957,-0.011936603114008904,0.02346971444785595,0.9853833913803101
139.947,-0.47994306683540344,0.23965570330619812,1.0846748352050781,-0.012251242063939571,0.0223758015781641,0.984417200088501
139.957,-0.47958457469940186,0.23486003279685974,1.0952208042144775,-0.020047903060913086,0.020054787397384644,0.971899688243866
139.967,-0.48464444279670715,0.22650349140167236,1.0966236591339111,-0.015334943309426308,0.013481033965945244,0.9684390425682068
139.977,-0.4887765347957611,0.23292218148708344,1.0980314016342163,-0.021728821098804474,0.015982139855623245,0.9619613289833069
139.987,-0.49119803309440613,0.22615830600261688,1.1026496887207031,-0.03774638473987579,0.023265788331627846,0.9722608327865601
139.997,-0.49855732917785645,0.22181354463100433,1.1040712594985962,-0.0034944762010127306,0.006786161568015814,0.9384337663650513
140.007,-0.5010149478912354,0.22740453481674194,1.1054860353469849,-0.01131137739866972,0.01847010664641857,0.9509151577949524
140.017,-0.500991940498352,0.2218213677406311,1.1067934036254883,-0.01965446025133133,0.014471400529146194,0.9558440446853638
140.027,-0.5052231550216675,0.22685196995735168,1.1001054048538208,-0.023317962884902954,0.02403353340923786,0.9543022513389587
140.037,-0.5089699029922485,0.22142189741134644,1.1007890701293945,-0.01417036447674036,0.010296250693500042,0.9356119632720947
140.047,-0.514021098613739,0.22085149586200714,1.1014310121536255,-0.019667400047183037,0.022020837292075157,0.9339842796325684
140.057,-0.5182138681411743,0.21360978484153748,1.1019400358200073,-0.009233858436346054,0.028936238959431648,0.91974937915802
140.067,-0.5332091450691223,0.21467819809913635,1.0977025032043457,-0.02288763038814068,0.013048420660197735,0.940686047077179
140.077,-0.5354457497596741,0.22007817029953003,1.0978407859802246,-0.008370764553546906,0.03238282352685928,0.9276143312454224
140.087,-0.5463631749153137,0.20785780251026154,1.0977766513824463,-0.016699954867362976,0.021206393837928772,0.9616904258728027
140.097,-0.5512548089027405,0.20685631036758423,1.097639560699463,-0.021520832553505898,0.032146867364645004,0.9610214829444885
140.107,-0.5580878257751465,0.20087991654872894,1.097546935081482,-0.0022022228222340345,0.040378086268901825,0.9485435485839844
140.117,-0.5736607313156128,0.20108893513679504,1.0886179208755493,-0.017719043418765068,0.03331252932548523,0.9469780325889587
140.127,-0.5756410956382751,0.2054125964641571,1.0879212617874146,-0.024723712354898453,0.03594661504030228,0.9631388783454895
140.137,-0.5858650803565979,0.19279862940311432,1.0870463848114014,-0.02452765591442585,0.02148544043302536,0.9713748097419739
140.147,-0.5912397503852844,0.1938207447528839,1.0862061977386475,-0.02620462141931057,0.017909415066242218,0.987291693687439
140.157,-0.5972235798835754,0.18500036001205444,1.0882482528686523,-0.029297735542058945,0.05340299755334854,1.0222887992858887
140.167,-0.6058182120323181,0.18577024340629578,1.0875283479690552,-0.02585327997803688,0.04611871391534805,1.023188591003418
140.177,-0.6113290786743164,0.18608732521533966,1.086828351020813,-0.0318010188639164,0.02729976922273636,1.0201514959335327
140.187,-0.6200754046440125,0.16910870373249054,1.0860015153884888,-0.02150595933198929,0.014889833517372608,1.019862413406372
140.197,-0.6203202605247498,0.17474447190761566,1.0848854780197144,-0.01794951595366001,0.04022131860256195,1.028685212135315
140.207,-0.6266112327575684,0.16503699123859406,1.0840727090835571,-0.02587214857339859,-0.016242200508713722,1.0436853170394897
140.217,-0.6334421634674072,0.171916663646698,1.083263635635376,-0.0307178758084774,0.023217765614390373,1.0571372509002686
140.227,-0.6388164162635803,0.17259055376052856,1.0811693668365479,-0.02385876700282097,0.021891020238399506,1.0427207946777344
140.237,-0.6464018225669861,0.16233986616134644,1.080339789390564,-0.03685249015688896,0.015945611521601677,1.0412999391555786
140.247,-0.6467434167861938,0.1671508550643921,1.0795844793319702,-0.0345991775393486,0.02651289664208889,1.0536507368087769
140.257,-0.6521968245506287,0.15720055997371674,1.0944188833236694,-0.04172029346227646,0.01608358882367611,1.0462284088134766
140.267,-0.6607668995857239,0.14712239801883698,1.094455599784851,-0.03540857136249542,0.03535223379731178,1.0807517766952515
140.277,-0.6644957065582275,0.14459878206253052,1.0946197509765625,-0.030009234324097633,0.022662073373794556,1.076816201210022
140.287,-0.6776350140571594,0.1299700289964676,1.094720482826233,-0.0436067208647728,0.041488755494356155,1.092153549194336
140.297,-0.6784744262695312,0.13280220329761505,1.086942434310913,-0.0360073447227478,0.035188738256692886,1.0711634159088135
140.307,-0.683640718460083,0.12110264599323273,1.086791753768921,-0.055199891328811646,0.0321725532412529,1.069405198097229
140.317,-0.6885444521903992,0.11779047548770905,1.0866705179214478,-0.036893002688884735,0.03806348145008087,1.0269720554351807
140.327,-0.6874595284461975,0.1136784479022026,1.09160315990448,-0.061549991369247437,0.032132524996995926,1.0538510084152222
140.337,-0.6830347180366516,0.10824491083621979,1.091783046722412,-0.04225430265069008,0.03949834778904915,1.0436586141586304
140.347,-0.6854652762413025,0.1150926873087883,1.092024803161621,-0.06038908660411835,0.0388551689684391,1.0550062656402588
140.357,-0.6829301118850708,0.10828281193971634,1.0942655801773071,-0.049115993082523346,0.023793930187821388,1.0586748123168945
140.367,-0.6809327006340027,0.11027984321117401,1.0946403741836548,-0.047951530665159225,0.04727407917380333,1.0572173595428467
140.377,-0.6789522767066956,0.11471673101186752,1.0950336456298828,-0.04431895911693573,0.025472743436694145,1.0363084077835083
140.387,-0.6795566082000732,0.10297685861587524,1.0980159044265747,-0.048819400370121,0.039567314088344574,1.0605703592300415
140.397,-0.6773235201835632,0.10703185200691223,1.0985710620880127,-0.04933355376124382,0.029386993497610092,1.0274426937103271
140.407,-0.6778575778007507,0.10128962993621826,1.0991533994674683,-0.047699443995952606,0.02713947184383869,1.0038131475448608
140.417,-0.672550618648529,0.10322920233011246,1.1037622690200806,-0.05002225190401077,0.028570927679538727,1.011480689048767
140.427,-0.6724727749824524,0.09885966032743454,1.1045148372650146,-0.0435301773250103,0.029756829142570496,0.9923851490020752
140.437,-0.6688806414604187,0.1026122197508812,1.1052271127700806,-0.054064951837062836,0.0334392674267292,1.0037763118743896
140.447,-0.6659309267997742,0.10616255551576614,1.1032143831253052,-0.07565707713365555,0.04829612746834755,1.0327119827270508
140.457,-0.6755658984184265,0.09041143208742142,1.1037306785583496,-0.05941631644964218,0.045005619525909424,1.024355411529541
140.467,-0.6808694005012512,0.0948500782251358,1.1042890548706055,-0.04772496595978737,0.0272968839854002,0.9910178184509277
140.477,-0.6910568475723267,0.07855121046304703,1.1031888723373413,-0.07630637288093567,0.016755826771259308,0.9978858232498169
140.487,-0.7291039824485779,0.060679949820041656,1.1034810543060303,-0.0837370976805687,0.013236376456916332,0.9977295398712158
140.497,-0.7373085618019104,0.06253793835639954,1.1038743257522583,-0.06713055819272995,0.041081126779317856,0.9965066313743591
140.507,-0.7651863098144531,0.03543826937675476,1.100562334060669,-0.07990323752164841,0.018601886928081512,1.0042811632156372
140.517,-0.7758251428604126,0.03135537728667259,1.1006206274032593,-0.07402996718883514,0.03928184136748314,0.9918140172958374
140.527,-0.7958700060844421,0.010936367325484753,1.1005709171295166,-0.07055483758449554,0.04021238535642624,1.0034593343734741
140.537,-0.8242906332015991,-0.0007201098487712443,1.0977660417556763,-0.06261946260929108,0.027462931349873543,0.9792806506156921
140.547,-0.8239155411720276,-0.005487472750246525,1.097564935684204,-0.06209343299269676,0.024889912456274033,0.9942029714584351
140.557,-0.8538130521774292,-0.02975340001285076,1.097170352935791,-0.07799287140369415,-0.0010528473649173975,0.9909371137619019
140.567,-0.861078679561615,-0.048705097287893295,1.0981462001800537,-0.07099733501672745,0.03452532738447189,0.9928784370422363
140.577,-0.8762668967247009,-0.06542740762233734,1.0977896451950073,-0.07393808662891388,0.04337019845843315,1.0080524682998657
140.587,-0.8962274193763733,-0.08018756657838821,1.0973354578018188,-0.07888856530189514,0.012553066946566105,1.0218015909194946
140.597,-0.8979946970939636,-0.08530160784721375,1.096987247467041,-0.06292711943387985,0.01060840580612421,0.9791848659515381
140.607,-0.9228314757347107,-0.10194694995880127,1.095605492591858,-0.07855063676834106,0.018612101674079895,1.0056101083755493
140.617,-0.9240480065345764,-0.10225584357976913,1.0951062440872192,-0.07258414477109909,0.018935365602374077,0.9905595779418945
140.627,-0.9329673647880554,-0.11843656748533249,1.0944995880126953,-0.06199433282017708,0.026086151599884033,0.9867846965789795
140.637,-0.9453517198562622,-0.12148372828960419,1.0931224822998047,-0.08849136531352997,0.020371360704302788,1.0035947561264038
140.647,-0.9554052948951721,-0.131127268075943,1.0923651456832886,-0.0780140608549118,0.012360747903585434,1.014296054840088
140.657,-0.9703434705734253,-0.14852067828178406,1.0914301872253418,-0.06772227585315704,0.03157118707895279,1.0162849426269531
140.667,-0.9800546169281006,-0.15244323015213013,1.1007881164550781,-0.0811762660741806,0.03373781219124794,1.0274930000305176
140.677,-0.9912955164909363,-0.16798387467861176,1.1004317998886108,-0.08673861622810364,0.009174440056085587,1.0362317562103271
140.687,-1.007885217666626,-0.16834847629070282,1.0999493598937988,-0.08336760848760605,0.020942073315382004,1.0145397186279297
140.697,-1.014589548110962,-0.18689130246639252,1.1017022132873535,-0.08846825361251831,0.03254307433962822,1.0279052257537842
140.707,-1.038866400718689,-0.20339442789554596,1.1012253761291504,-0.0764629915356636,0.023714592680335045,1.0261926651000977
140.717,-1.0388833284378052,-0.20294831693172455,1.1009163856506348,-0.0760338082909584,0.023546475917100906,1.0214041471481323
140.727,-1.055483341217041,-0.22638283669948578,1.1047755479812622,-0.08827807009220123,0.024417510256171227,1.0329527854919434
140.737,-1.059108018875122,-0.22996793687343597,1.1045920848846436,-0.0972806066274643,0.008814551867544651,1.0238077640533447
140.747,-1.0665513277053833,-0.24626854062080383,1.1043437719345093,-0.07926851511001587,0.05116509646177292,1.0249794721603394
140.757,-1.0787510871887207,-0.26164549589157104,1.1189172267913818,-0.09174811840057373,0.02571730688214302,1.0200750827789307
140.767,-1.0764825344085693,-0.2638322114944458,1.1195236444473267,-0.09106198698282242,-0.008226760663092136,1.0262776613235474
140.777,-1.0895442962646484,-0.28341683745384216,1.1199394464492798,-0.09497524052858353,0.029541034251451492,1.0092253684997559
140.787,-1.0903551578521729,-0.2897001802921295,1.1094908714294434,-0.09925033897161484,0.034403830766677856,1.0010899305343628
140.797,-1.1000869274139404,-0.30642321705818176,1.1091862916946411,-0.09543189406394958,0.030653685331344604,1.0027756690979004
140.807,-1.117552399635315,-0.32760390639305115,1.108614444732666,-0.0843309611082077,0.03371988609433174,0.9884318113327026
140.817,-1.119338035583496,-0.3369981348514557,1.1050552129745483,-0.11284693330526352,0.003530265996232629,0.9993968605995178
140.827,-1.1381725072860718,-0.3596660792827606,1.1041699647903442,-0.12170173227787018,-0.02057548426091671,1.005985140800476
140.837,-1.143887996673584,-0.3637601435184479,1.1032921075820923,-0.09669666737318039,0.03993432968854904,0.9725327491760254
140.847,-1.142491340637207,-0.3745849132537842,1.130492925643921,-0.09789193421602249,0.023724647238850594,0.9904459118843079
140.857,-1.1581816673278809,-0.3914457857608795,1.1310547590255737,-0.10665442794561386,0.005609667394310236,1.0156890153884888
140.867,-1.1580830812454224,-0.39551842212677,1.13168466091156,-0.1071183905005455,0.007977286353707314,1.0088812112808228
140.877,-1.1766358613967896,-0.41131603717803955,1.132010579109192,-0.10576476901769638,0.0061239092610776424,0.9966724514961243
140.887,-1.183310866355896,-0.41436249017715454,1.1239895820617676,-0.10218573361635208,0.01261289045214653,0.9984194040298462
140.897,-1.1929665803909302,-0.42767319083213806,1.1237831115722656,-0.11431887000799179,0.0026635616086423397,0.9869473576545715
140.907,-1.2077893018722534,-0.4432675838470459,1.1234018802642822,-0.10269523411989212,-0.008151495829224586,0.9674656987190247
140.917,-1.2070467472076416,-0.4603169560432434,1.1084628105163574,-0.10977321863174438,0.008505110628902912,0.9563302993774414
140.927,-1.2276222705841064,-0.4781215190887451,1.1070393323898315,-0.13374756276607513,-0.006149983964860439,1.0045853853225708
140.937,-1.223960041999817,-0.4920825660228729,1.1055710315704346,-0.12571154534816742,-0.003203229745849967,0.9949185252189636
140.947,-1.2270225286483765,-0.5047288537025452,1.1131243705749512,-0.12021458148956299,0.01196349784731865,0.9901134967803955
140.957,-1.227054476737976,-0.5188642144203186,1.111952781677246,-0.12655797600746155,0.013172535225749016,1.004822015762329
140.967,-1.22749924659729,-0.5458673238754272,1.1107350587844849,-0.12591655552387238,-0.014125886373221874,1.0168218612670898
140.977,-1.2467851638793945,-0.5675099492073059,1.1060622930526733,-0.12351512908935547,-0.0012763971462845802,1.0300276279449463
140.987,-1.2471485137939453,-0.5788044333457947,1.1044977903366089,-0.1315627098083496,-0.038981448858976364,1.006780743598938
140.997,-1.2502670288085938,-0.594541072845459,1.1028653383255005,-0.12359900027513504,-0.013540820218622684,1.0330350399017334
141.007,-1.2495054006576538,-0.6118573546409607,1.0880351066589355,-0.1309570074081421,-0.008213203400373459,1.0130974054336548
141.017,-1.2509254217147827,-0.6396879553794861,1.0855156183242798,-0.12670519948005676,-0.01290878001600504,1.0543334484100342
141.027,-1.2654398679733276,-0.6564178466796875,1.0828486680984497,-0.1366477757692337,-0.02050555869936943,1.0557178258895874
141.037,-1.25965416431427,-0.6656383275985718,1.0770117044448853,-0.15637853741645813,-0.015463222749531269,1.0833265781402588
141.047,-1.26625657081604,-0.684535801410675,1.074146032333374,-0.1296718418598175,-0.006531775463372469,1.0584830045700073
141.057,-1.26137375831604,-0.6985936164855957,1.0712541341781616,-0.12019594758749008,-0.024253154173493385,1.065755009651184
141.067,-1.2645416259765625,-0.7163490056991577,1.0638624429702759,-0.12345370650291443,-0.001553967478685081,1.1050831079483032
141.077,-1.2779496908187866,-0.7339542508125305,1.0606682300567627,-0.14315147697925568,-0.024329161271452904,1.1191928386688232
141.087,-1.2740986347198486,-0.7314351201057434,1.0576075315475464,-0.146872878074646,-0.00753877405077219,1.1519378423690796
141.097,-1.278086543083191,-0.7453095316886902,1.0650877952575684,-0.16481374204158783,-0.017258964478969574,1.163381576538086
141.107,-1.2807395458221436,-0.7405796647071838,1.0627074241638184,-0.14710037410259247,-0.01186536718159914,1.1652591228485107
141.117,-1.285938024520874,-0.7535329461097717,1.0604300498962402,-0.15943463146686554,-0.030738066881895065,1.1667022705078125
141.127,-1.293312668800354,-0.7649487853050232,1.0600898265838623,-0.15415219962596893,-0.02584230713546276,1.1706206798553467
141.137,-1.2934486865997314,-0.7617499828338623,1.058106780052185,-0.15548163652420044,-0.02526652254164219,1.1822409629821777
141.147,-1.2937958240509033,-0.7626547813415527,1.056158423423767,-0.16863711178302765,-0.04570678621530533,1.1948055028915405
141.157,-1.2942750453948975,-0.7601084113121033,1.0543266534805298,-0.16127681732177734,-0.010086161084473133,1.1928902864456177
141.167,-1.2876678705215454,-0.7570728063583374,1.0508207082748413,-0.1764088273048401,-0.01654987409710884,1.21143639087677
141.177,-1.286075472831726,-0.7531695365905762,1.0490971803665161,-0.1724236160516739,-0.030430564656853676,1.196212649345398
141.187,-1.283922553062439,-0.7454609274864197,1.0474880933761597,-0.16868281364440918,-0.024466315284371376,1.1832448244094849
141.197,-1.278550386428833,-0.7370378375053406,1.0664842128753662,-0.17296409606933594,-0.04122913256287575,1.2052619457244873
141.207,-1.2718390226364136,-0.7321120500564575,1.0662399530410767,-0.17249777913093567,-0.022771282121539116,1.19929039478302
141.217,-1.2581006288528442,-0.7303520441055298,1.0660396814346313,-0.18467159569263458,-0.038744550198316574,1.171020269393921
141.227,-1.2551536560058594,-0.7286016941070557,1.0468217134475708,-0.17421548068523407,-0.03738304600119591,1.151518702507019
141.237,-1.245185136795044,-0.7239363789558411,1.0456886291503906,-0.1724558025598526,-0.038299284875392914,1.1464076042175293
141.247,-1.239087462425232,-0.7269633412361145,1.0446847677230835,-0.19153594970703125,-0.053609125316143036,1.1412280797958374
141.257,-1.2300164699554443,-0.720759928226471,1.032855749130249,-0.18385222554206848,-0.03153596445918083,1.1344271898269653
141.267,-1.2204710245132446,-0.7171139121055603,1.0313427448272705,-0.18272621929645538,-0.068781279027462,1.129635214805603
141.277,-1.2100648880004883,-0.7120705842971802,1.029820442199707,-0.1828766167163849,-0.06303980946540833,1.1534128189086914
141.287,-1.204077959060669,-0.7076348066329956,1.0205161571502686,-0.17924578487873077,-0.05050598084926605,1.1566954851150513
141.297,-1.1926274299621582,-0.706778883934021,1.0187844038009644,-0.19096918404102325,-0.061671819537878036,1.1666603088378906
141.307,-1.1865233182907104,-0.6987478733062744,1.017056941986084,-0.1951790601015091,-0.06793525069952011,1.1602979898452759
141.317,-1.1765018701553345,-0.6862522959709167,0.9954717755317688,-0.18717040121555328,-0.07636213302612305,1.168881893157959
141.327,-1.1717774868011475,-0.678718626499176,0.9928030371665955,-0.19043570756912231,-0.07375212758779526,1.2031757831573486
141.337,-1.1560450792312622,-0.6741671562194824,0.9902624487876892,-0.1890583038330078,-0.06548579037189484,1.2044360637664795
141.347,-1.1426515579223633,-0.66243577003479,0.9770694375038147,-0.19445250928401947,-0.07560057938098907,1.2133612632751465
141.357,-1.1323190927505493,-0.754832923412323,0.9745004773139954,-0.19369223713874817,-0.07414653152227402,1.2448912858963013
141.367,-1.1387038230895996,-0.7939308881759644,0.9719741344451904,-0.1990572065114975,-0.06695446372032166,1.2633163928985596
141.377,-1.123337745666504,-0.880159318447113,0.9657277464866638,-0.20157919824123383,-0.07454203069210052,1.2608375549316406
141.387,-1.1051783561706543,-0.951935887336731,0.9633378386497498,-0.21556344628334045,-0.08968974649906158,1.26285982131958
141.397,-1.0958328247070312,-1.0219553709030151,0.9613014459609985,-0.21202470362186432,-0.0895635336637497,1.290736198425293
141.407,-1.0876470804214478,-1.0862975120544434,0.9594817161560059,-0.19905775785446167,-0.07935193926095963,1.2944939136505127
141.417,-1.0950011014938354,-1.1222445964813232,0.9525127410888672,-0.20863088965415955,-0.08359920978546143,1.2920722961425781
141.427,-1.0912413597106934,-1.1681783199310303,0.9507734775543213,-0.2305542677640915,-0.09374209493398666,1.286002516746521
141.437,-1.098350167274475,-1.2370994091033936,0.9491467475891113,-0.2153497189283371,-0.10324271023273468,1.282017707824707
141.447,-1.092041254043579,-1.2557181119918823,0.9479117393493652,-0.2095312923192978,-0.10652147978544235,1.3037394285202026
141.457,-1.0853486061096191,-1.2487821578979492,0.9469414949417114,-0.21679703891277313,-0.0974528044462204,1.3201520442962646
141.467,-1.0859519243240356,-1.260252833366394,0.9423676133155823,-0.2275584191083908,-0.08594302088022232,1.294184923171997
141.477,-1.065857172012329,-1.3171368837356567,0.941487193107605,-0.21767599880695343,-0.09070168435573578,1.275275468826294
141.487,-1.056214690208435,-1.3614617586135864,0.9408512115478516,-0.21840208768844604,-0.107634037733078,1.272976279258728
141.497,-1.0398356914520264,-1.3675028085708618,0.9536691904067993,-0.20179641246795654,-0.10077305138111115,1.277766227722168
141.507,-1.0248385667800903,-1.3628475666046143,0.9543519020080566,-0.20311596989631653,-0.08427852392196655,1.284023404121399
141.517,-1.0103639364242554,-1.3763482570648193,0.9551802277565002,-0.2142050862312317,-0.0957815945148468,1.2661738395690918
141.527,-0.9916638135910034,-1.3725131750106812,0.9598628878593445,-0.2066975235939026,-0.09640104323625565,1.2565635442733765
141.537,-0.9887133240699768,-1.3825414180755615,0.9613330364227295,-0.20138143002986908,-0.08694569766521454,1.2344650030136108
141.547,-0.9779187440872192,-1.3976529836654663,0.9630457758903503,-0.2130521833896637,-0.08956614881753922,1.200366497039795
141.557,-0.965073823928833,-1.3778541088104248,0.9815373420715332,-0.2087978720664978,-0.10451056808233261,1.1920725107192993
141.567,-0.9456899762153625,-1.376338243484497,0.9845312237739563,-0.20028728246688843,-0.1093282476067543,1.1831926107406616
141.577,-0.933034360408783,-1.3694689273834229,0.9876617789268494,-0.19121895730495453,-0.08414597809314728,1.1472606658935547
141.587,-0.9177126884460449,-1.3549364805221558,0.9977245926856995,-0.21717165410518646,-0.0985410287976265,1.125787377357483
141.597,-0.8990466594696045,-1.3532227277755737,1.001436710357666,-0.18966250121593475,-0.10047280788421631,1.106109380722046
141.607,-0.884141743183136,-1.3446317911148071,1.0051631927490234,-0.18204085528850555,-0.07863085716962814,1.0790481567382812
141.617,-0.8650659918785095,-1.3326679468154907,1.0188015699386597,-0.18435156345367432,-0.0920901820063591,1.0698081254959106
141.627,-0.8494664430618286,-1.3246556520462036,1.0231589078903198,-0.17174531519412994,-0.08939143270254135,1.0270029306411743
141.637,-0.8524062633514404,-1.3386201858520508,1.0275388956069946,-0.18869663774967194,-0.10098981112241745,0.9998400807380676
141.647,-0.8422486186027527,-1.347342848777771,1.0319091081619263,-0.198993518948555,-0.09511357545852661,0.9958316087722778
141.657,-0.8353821635246277,-1.3354436159133911,1.0376060009002686,-0.19611859321594238,-0.10192414373159409,1.0132980346679688
141.667,-0.8264411687850952,-1.3510702848434448,1.0420067310333252,-0.17592482268810272,-0.10132153332233429,0.9561595320701599
141.677,-0.8163843750953674,-1.343772053718567,1.0463449954986572,-0.16536030173301697,-0.08908767998218536,0.921107292175293
141.687,-0.8041205406188965,-1.3511806726455688,1.0622626543045044,-0.18138587474822998,-0.1226515918970108,0.9107537269592285
141.697,-0.79583340883255,-1.366991400718689,1.0670851469039917,-0.2117684930562973,-0.10707881301641464,0.9025163054466248
141.707,-0.7780324220657349,-1.3523468971252441,1.0716552734375,-0.1679886132478714,-0.10344064980745316,0.8876714706420898
141.717,-0.7677732706069946,-1.3777809143066406,1.0659027099609375,-0.16443957388401031,-0.10642645508050919,0.8803296685218811
141.727,-0.751761794090271,-1.3674564361572266,1.0697002410888672,-0.17491187155246735,-0.1072247177362442,0.8810843825340271
141.737,-0.7387977838516235,-1.3806524276733398,1.0733907222747803,-0.17540931701660156,-0.10387787222862244,0.8648735284805298
141.747,-0.7136608362197876,-1.3806880712509155,1.07733952999115,-0.14808154106140137,-0.09885722398757935,0.8433443903923035
141.757,-0.7069337368011475,-1.3908401727676392,1.0806748867034912,-0.15412825345993042,-0.1087324470281601,0.8347558379173279
141.767,-0.6911138296127319,-1.41546630859375,1.0839223861694336,-0.1600411981344223,-0.10354317724704742,0.824386477470398
141.777,-0.6706268191337585,-1.399469256401062,1.0943247079849243,-0.16817577183246613,-0.12373287230730057,0.8608970046043396
141.787,-0.6620593070983887,-1.422934889793396,1.0976845026016235,-0.14813092350959778,-0.10180022567510605,0.8274453282356262
141.797,-0.6408965587615967,-1.4272836446762085,1.1009316444396973,-0.15832704305648804,-0.11478549987077713,0.8333652019500732
141.807,-0.6330755352973938,-1.4514944553375244,1.0969759225845337,-0.15448448061943054,-0.10191212594509125,0.8211482763290405
141.817,-0.6146763563156128,-1.4794026613235474,1.0993739366531372,-0.1589425951242447,-0.09944730997085571,0.8395705819129944
141.827,-0.6054458618164062,-1.4719592332839966,1.1016439199447632,-0.1521049588918686,-0.10187271982431412,0.8569711446762085
141.837,-0.5846349000930786,-1.475449562072754,1.09062922000885,-0.15514834225177765,-0.10655452311038971,0.8749071955680847
141.847,-0.5655810236930847,-1.4766205549240112,1.091879963874817,-0.15927542746067047,-0.1026998981833458,0.8673543334007263
141.857,-0.5579758286476135,-1.493269443511963,1.0928983688354492,-0.15779130160808563,-0.09626023471355438,0.867254376411438
141.867,-0.5413652658462524,-1.5156667232513428,1.0943636894226074,-0.15632672607898712,-0.10742536932229996,0.8901718854904175
141.877,-0.5298106074333191,-1.5109789371490479,1.095201849937439,-0.16282115876674652,-0.1022854745388031,0.9194633364677429
141.887,-0.511120080947876,-1.5345479249954224,1.095908522605896,-0.1693907529115677,-0.1114237830042839,0.9121197462081909
141.897,-0.4920620322227478,-1.5371954441070557,1.0965723991394043,-0.15889278054237366,-0.0861009731888771,0.9200884699821472
141.907,-0.47760024666786194,-1.5722501277923584,1.0970183610916138,-0.16305966675281525,-0.10801228880882263,0.94588702917099
141.917,-0.46097955107688904,-1.6032744646072388,1.0920482873916626,-0.164254829287529,-0.10790664702653885,0.9659377932548523
141.927,-0.43568459153175354,-1.5957890748977661,1.0920524597167969,-0.17866571247577667,-0.1331017017364502,0.9816794991493225
141.937,-0.4121897518634796,-1.6178330183029175,1.0919852256774902,-0.17568890750408173,-0.1191820427775383,1.0090315341949463
141.947,-0.38427087664604187,-1.6127686500549316,1.0920089483261108,-0.1627541184425354,-0.10072288662195206,1.0347713232040405
141.957,-0.3687809407711029,-1.632641315460205,1.0850024223327637,-0.17879387736320496,-0.14350026845932007,1.0168125629425049
141.967,-0.36215218901634216,-1.6452049016952515,1.0845739841461182,-0.18115170300006866,-0.11204511672258377,1.0108295679092407
141.977,-0.33861127495765686,-1.6423625946044922,1.0841151475906372,-0.17838600277900696,-0.11284741759300232,1.0322285890579224
141.987,-0.31427013874053955,-1.6527942419052124,1.0965442657470703,-0.17889368534088135,-0.12940268218517303,1.0744359493255615
141.997,-0.29204925894737244,-1.6499959230422974,1.0969247817993164,-0.16438928246498108,-0.09562326967716217,1.0856775045394897
142.007,-0.2782652676105499,-1.6653616428375244,1.0972211360931396,-0.15955549478530884,-0.1010761708021164,1.0917139053344727
142.017,-0.26649755239486694,-1.6803945302963257,1.105365514755249,-0.16599135100841522,-0.1254768967628479,1.0879743099212646
142.027,-0.24500016868114471,-1.6754064559936523,1.106209635734558,-0.17754176259040833,-0.11669626086950302,1.1060699224472046
142.037,-0.224332794547081,-1.693394422531128,1.107080101966858,-0.1638018935918808,-0.10038717091083527,1.115327000617981
142.047,-0.21334217488765717,-1.6768699884414673,1.121285319328308,-0.16098886728286743,-0.11553431302309036,1.104932188987732
142.057,-0.19061458110809326,-1.6959306001663208,1.1230123043060303,-0.1649436056613922,-0.11557767540216446,1.1015419960021973
142.067,-0.18088029325008392,-1.7206666469573975,1.1248359680175781,-0.15719571709632874,-0.1106073409318924,1.072520136833191
142.077,-0.15717579424381256,-1.7160662412643433,1.1202393770217896,-0.1506185531616211,-0.11352083086967468,1.075482964515686
142.087,-0.1553930640220642,-1.740716576576233,1.120153784751892,-0.15393339097499847,-0.14160478115081787,1.0500414371490479
142.097,-0.14377562701702118,-1.7322601079940796,1.121659755706787,-0.17331717908382416,-0.12958018481731415,1.0186532735824585
142.107,-0.12401992082595825,-1.7497177124023438,1.13094162940979,-0.14815451204776764,-0.10972688347101212,0.9993614554405212
142.117,-0.1139456033706665,-1.7579667568206787,1.132877230644226,-0.13947230577468872,-0.10316245257854462,1.0189735889434814
142.127,-0.0930219367146492,-1.755004644393921,1.134887933731079,-0.14379249513149261,-0.12522952258586884,1.0107083320617676
142.137,-0.0703895166516304,-1.786681056022644,1.1226435899734497,-0.1585293859243393,-0.13265548646450043,1.0148767232894897
142.147,-0.05970390513539314,-1.77804696559906,1.1235631704330444,-0.14771033823490143,-0.10324731469154358,0.9907643795013428
142.157,-0.03870781511068344,-1.8006072044372559,1.1243642568588257,-0.15412788093090057,-0.11278235167264938,1.0109888315200806
142.167,-0.02331559918820858,-1.790305733680725,1.125192403793335,-0.13349172472953796,-0.11796436458826065,1.0044039487838745
142.177,-0.009169474244117737,-1.8038055896759033,1.1303894519805908,-0.14970484375953674,-0.12420491129159927,1.0204894542694092
142.187,0.015184554271399975,-1.8034429550170898,1.1313161849975586,-0.13153956830501556,-0.10687568783760071,0.9864216446876526
142.197,0.02395666390657425,-1.794546127319336,1.1322214603424072,-0.13646821677684784,-0.10199115425348282,1.0075448751449585
142.207,0.04051268845796585,-1.813697338104248,1.141375184059143,-0.13793589174747467,-0.11251486092805862,1.0036016702651978
142.217,0.05536545813083649,-1.8041692972183228,1.1426684856414795,-0.127547025680542,-0.10246212035417557,0.9968105554580688
142.227,0.068325936794281,-1.8286534547805786,1.1437853574752808,-0.1185513511300087,-0.09982457011938095,0.9713149666786194
142.237,0.09132885187864304,-1.8269009590148926,1.1354107856750488,-0.1094471886754036,-0.11021934449672699,0.9605352282524109
142.247,0.09899865835905075,-1.8218787908554077,1.1358628273010254,-0.10431820899248123,-0.10448714345693588,0.9571436047554016
142.257,0.11353672295808792,-1.801358699798584,1.1362228393554688,-0.11523933708667755,-0.12347710877656937,0.9772602915763855
142.267,0.12653596699237823,-1.787968397140503,1.1439529657363892,-0.10704638063907623,-0.09887461364269257,0.9881863594055176
142.277,0.12681739032268524,-1.8052693605422974,1.1445982456207275,-0.11693635582923889,-0.11098066717386246,0.9967524409294128
142.287,0.14406222105026245,-1.8313614130020142,1.1451011896133423,-0.09858924895524979,-0.10621003806591034,0.9685862064361572
142.297,0.1514013111591339,-1.8227391242980957,1.1419847011566162,-0.09959089756011963,-0.10767670720815659,0.9644662737846375
142.307,0.17058323323726654,-1.8426423072814941,1.1421124935150146,-0.10620845854282379,-0.11403300613164902,0.9767401218414307
142.317,0.178585484623909,-1.8342207670211792,1.142194390296936,-0.09972600638866425,-0.1079757958650589,0.9951396584510803
142.327,0.18962955474853516,-1.848111629486084,1.1449068784713745,-0.10490638762712479,-0.1266603022813797,0.9905644059181213
142.337,0.1895948052406311,-1.8626444339752197,1.145004153251648,-0.08726907521486282,-0.11273884773254395,0.9661425352096558
142.347,0.20866098999977112,-1.8560293912887573,1.1449528932571411,-0.09488938003778458,-0.10626496374607086,0.9888514280319214
142.357,0.22858940064907074,-1.885130763053894,1.1519687175750732,-0.09827790409326553,-0.10686102509498596,0.9981124401092529
142.367,0.2365805208683014,-1.86788809299469,1.1522575616836548,-0.08914584666490555,-0.1165982186794281,0.9926199316978455
142.377,0.2592019736766815,-1.869554877281189,1.1524616479873657,-0.09207993745803833,-0.1182069480419159,0.9595387578010559
142.387,0.2571743130683899,-1.8943126201629639,1.1538338661193848,-0.09281625598669052,-0.119753897190094,0.9768530130386353
142.397,0.274149090051651,-1.8970880508422852,1.1539194583892822,-0.0833897739648819,-0.10653043538331985,0.9881591200828552
142.407,0.2867938280105591,-1.9192967414855957,1.1538846492767334,-0.104130819439888,-0.13631224632263184,1.0167638063430786
142.417,0.2940051555633545,-1.9055253267288208,1.1593550443649292,-0.08913995325565338,-0.11782263964414597,0.9914363026618958
142.427,0.3092367649078369,-1.928087830543518,1.1595697402954102,-0.09467220306396484,-0.11093655228614807,1.0104092359542847
142.437,0.3063483238220215,-1.9543170928955078,1.1597325801849365,-0.0830732136964798,-0.09966635704040527,0.987741231918335
142.447,0.323212206363678,-1.948554515838623,1.1597603559494019,-0.0820765569806099,-0.11411311477422714,0.9806966781616211
142.457,0.33484458923339844,-1.982399582862854,1.1650104522705078,-0.08693984150886536,-0.10998120158910751,0.9654346108436584
142.467,0.3393709659576416,-1.9683287143707275,1.165265440940857,-0.09605533629655838,-0.11369354277849197,0.9893706440925598
142.477,0.3556836247444153,-1.9896214008331299,1.165397047996521,-0.08761000633239746,-0.11516174674034119,0.9830586910247803
142.487,0.3666430711746216,-1.9851551055908203,1.1515798568725586,-0.09624584019184113,-0.13274522125720978,0.9616946578025818
142.497,0.3789551556110382,-2.0031442642211914,1.1507461071014404,-0.0694192424416542,-0.10216149687767029,0.9484955072402954
142.507,0.3958091735839844,-2.031215190887451,1.149815559387207,-0.08012773841619492,-0.11778190732002258,0.9861006140708923
142.517,0.40026724338531494,-2.0112807750701904,1.1505767107009888,-0.08120940625667572,-0.12297302484512329,0.9918323755264282
142.527,0.4173494577407837,-2.0426716804504395,1.1495778560638428,-0.07827497273683548,-0.11594153940677643,0.9807434678077698
142.537,0.42775672674179077,-2.0257036685943604,1.1485958099365234,-0.08390317857265472,-0.11913582682609558,0.9860435724258423
142.547,0.44236889481544495,-2.022341728210449,1.1576881408691406,-0.08620080351829529,-0.14531594514846802,1.0035020112991333
142.557,0.45941030979156494,-2.0428829193115234,1.157049298286438,-0.07459458708763123,-0.11739160120487213,0.9898514747619629
142.567,0.46216246485710144,-2.030763626098633,1.1564043760299683,-0.0872996523976326,-0.1232447698712349,0.9988639950752258
142.577,0.4802747368812561,-2.0439343452453613,1.1669909954071045,-0.08310927450656891,-0.13016751408576965,0.9858446717262268
142.587,0.48938068747520447,-2.033108949661255,1.1669161319732666,-0.09810775518417358,-0.1409618854522705,0.9999908804893494
142.597,0.5044887065887451,-2.0477383136749268,1.1666673421859741,-0.07788491994142532,-0.1342484951019287,0.9930039644241333
142.607,0.5218824148178101,-2.0758137702941895,1.1652626991271973,-0.0768560841679573,-0.15007910132408142,0.9737014174461365
142.617,0.5246827602386475,-2.0662550926208496,1.1648980379104614,-0.07388067245483398,-0.13693730533123016,0.9830874800682068
142.627,0.5422880053520203,-2.0794730186462402,1.1643881797790527,-0.07152651250362396,-0.126863032579422,0.995929479598999
142.637,0.5506365299224854,-2.059910774230957,1.1773805618286133,-0.06034144386649132,-0.12344159930944443,0.9651366472244263
142.647,0.5657519698143005,-2.076843500137329,1.1775211095809937,-0.08439089357852936,-0.14323626458644867,0.9818381071090698
142.657,0.5709729790687561,-2.087596893310547,1.1776914596557617,-0.07427287846803665,-0.1392555683851242,0.968191921710968
142.667,0.5861111283302307,-2.085028886795044,1.1807482242584229,-0.07725933939218521,-0.1387345939874649,0.9643514752388
142.677,0.5843202471733093,-2.0877673625946045,1.1809178590774536,-0.06241357699036598,-0.13253045082092285,0.9413846731185913
142.687,0.5908214449882507,-2.0691850185394287,1.18100106716156,-0.06274689733982086,-0.13814961910247803,0.9601004719734192
142.697,0.5857400894165039,-2.07206130027771,1.1997843980789185,-0.061818741261959076,-0.14311015605926514,0.9293878078460693
142.707,0.586243748664856,-2.0700645446777344,1.2007681131362915,-0.0703730583190918,-0.14965347945690155,0.9270113706588745
142.717,0.5864183306694031,-2.0581061840057373,1.2016574144363403,-0.04383362457156181,-0.13363303244113922,0.9268921613693237
142.727,0.5979074835777283,-2.0251078605651855,1.1863820552825928,-0.05984842777252197,-0.14903725683689117,0.9322078824043274
142.737,0.601757824420929,-2.0189335346221924,1.1860727071762085,-0.056425921618938446,-0.12895360589027405,0.9076356887817383
142.747,0.6005671620368958,-2.001502513885498,1.1856038570404053,-0.0654589831829071,-0.13541144132614136,0.9047445058822632
142.757,0.6047706604003906,-2.0008153915405273,1.1850295066833496,-0.043690577149391174,-0.12801137566566467,0.9071131944656372
142.767,0.6210378408432007,-2.014846086502075,1.191434621810913,-0.0483308844268322,-0.14310207962989807,0.8927460312843323
142.777,0.6437309384346008,-2.039515972137451,1.1908717155456543,-0.06116745248436928,-0.14301010966300964,0.9193652272224426
142.787,0.6422006487846375,-2.0279064178466797,1.1902563571929932,-0.04766743630170822,-0.13688577711582184,0.9089369773864746
142.797,0.6608346700668335,-2.0405726432800293,1.1787340641021729,-0.04812756925821304,-0.13573944568634033,0.9244555830955505
142.807,0.6675469279289246,-2.0463414192199707,1.1772750616073608,-0.04081474617123604,-0.14660198986530304,0.9124598503112793
142.817,0.6838620901107788,-2.0468008518218994,1.1755123138427734,-0.05393349379301071,-0.1684161275625229,0.9362794160842896
142.827,0.7046664357185364,-2.075169801712036,1.1701598167419434,-0.051589857786893845,-0.1432783603668213,0.944972574710846
142.837,0.7043376564979553,-2.0481154918670654,1.1680338382720947,-0.061514921486377716,-0.143854022026062,0.9733659029006958
142.847,0.7182340621948242,-2.0801894664764404,1.1657603979110718,-0.03311244770884514,-0.14693808555603027,0.9638150930404663
142.857,0.7295939326286316,-2.071800947189331,1.1634529829025269,-0.040924765169620514,-0.15637122094631195,0.9893684387207031
142.867,0.7462709546089172,-2.081056833267212,1.1557793617248535,-0.041986119002103806,-0.14061740040779114,0.9840449690818787
142.877,0.7664454579353333,-2.1140260696411133,1.1529839038848877,-0.02777036465704441,-0.10988511890172958,1.0062085390090942
142.887,0.7662714719772339,-2.0906195640563965,1.1501470804214478,-0.044669050723314285,-0.13058559596538544,1.0187878608703613
142.897,0.7802749872207642,-2.112849235534668,1.147165298461914,-0.059007786214351654,-0.1566041260957718,1.0233296155929565
142.907,0.7828584909439087,-2.1032838821411133,1.1570556163787842,-0.06032126769423485,-0.13329680263996124,1.0491070747375488
142.917,0.7991052865982056,-2.113473892211914,1.1547740697860718,-0.03926122561097145,-0.16338346898555756,1.035338044166565
142.927,0.8198413252830505,-2.1240036487579346,1.1524487733840942,-0.04010522738099098,-0.13604025542736053,1.0531742572784424
142.937,0.8235680460929871,-2.107539415359497,1.1501983404159546,-0.016412533819675446,-0.1574161946773529,1.0814481973648071
142.947,0.8422458171844482,-2.124601364135742,1.1478155851364136,-0.034701671451330185,-0.1820041984319687,1.064453125
142.957,0.8498410582542419,-2.1109843254089355,1.148585557937622,-0.06021279841661453,-0.17423014342784882,1.0615952014923096
142.967,0.8623149394989014,-2.114576816558838,1.14638352394104,-0.047777481377124786,-0.15901538729667664,1.093408465385437
142.977,0.8881868720054626,-2.1403021812438965,1.144184947013855,-0.03766578808426857,-0.15354624390602112,1.0887422561645508
142.987,0.8869296312332153,-2.109783172607422,1.1421111822128296,-0.03769005835056305,-0.17850251495838165,1.0787854194641113
142.997,0.9058408737182617,-2.1390998363494873,1.1407805681228638,-0.026225818321108818,-0.18565033376216888,1.0697299242019653
143.007,0.9108594059944153,-2.1132640838623047,1.138806939125061,-0.034097012132406235,-0.17134027183055878,1.0828365087509155
143.017,0.9233702421188354,-2.135265827178955,1.1367347240447998,-0.03756727650761604,-0.18839947879314423,1.0598845481872559
143.027,0.9275975227355957,-2.136458396911621,1.1348395347595215,-0.044220637530088425,-0.17353275418281555,1.0941133499145508
143.037,0.9431512951850891,-2.133014678955078,1.1285901069641113,-0.03141215071082115,-0.1785796582698822,1.1291576623916626
143.047,0.9625546336174011,-2.1523056030273438,1.1263688802719116,-0.02221088483929634,-0.16033877432346344,1.0781512260437012
143.057,0.9667989611625671,-2.1198530197143555,1.1242331266403198,0.000885181943885982,-0.1750977784395218,1.059548020362854
143.067,0.9777814149856567,-2.1403324604034424,1.122031807899475,-0.018840670585632324,-0.18069913983345032,1.0724260807037354
143.077,1.0004245042800903,-2.144196033477783,1.118557333946228,-0.029813241213560104,-0.17170560359954834,1.0948690176010132
143.087,0.9995043277740479,-2.1273365020751953,1.1164358854293823,-0.020465103909373283,-0.16562464833259583,1.0840245485305786
143.097,1.0106773376464844,-2.1329212188720703,1.1141854524612427,-0.030732814222574234,-0.1814953237771988,1.0715529918670654
143.107,1.0107026100158691,-2.115241289138794,1.112096905708313,-0.009662404656410217,-0.17185282707214355,1.0856409072875977
143.117,1.0294357538223267,-2.125098943710327,1.1098427772521973,-0.03122844360768795,-0.18483315408229828,1.0946629047393799
143.127,1.0342458486557007,-2.119563341140747,1.1105401515960693,-0.009435214102268219,-0.1798744797706604,1.0952376127243042
143.137,1.050856351852417,-2.1175780296325684,1.1084721088409424,-0.023500146344304085,-0.1676025241613388,1.0894845724105835
143.147,1.072993516921997,-2.134793758392334,1.1065151691436768,-0.008056041784584522,-0.1911012828350067,1.0760560035705566
143.157,1.0820330381393433,-2.114839792251587,1.1046912670135498,-0.015319709666073322,-0.18752521276474,1.1031898260116577
143.167,1.0897631645202637,-2.1087605953216553,1.1041901111602783,-0.01784992590546608,-0.18566453456878662,1.1088868379592896
143.177,1.0982578992843628,-2.0898048877716064,1.1025429964065552,-0.01627744548022747,-0.16852805018424988,1.088282585144043
143.187,1.1115647554397583,-2.088627576828003,1.1007517576217651,-0.011404703371226788,-0.17061498761177063,1.107630968093872
143.197,1.138177514076233,-2.1030142307281494,1.099021553993225,-0.03113340400159359,-0.17844778299331665,1.1185882091522217
143.207,1.1380980014801025,-2.068671703338623,1.0966823101043701,-0.020069459453225136,-0.18658365309238434,1.0989700555801392
143.217,1.1572643518447876,-2.0821146965026855,1.0951005220413208,-0.01682572066783905,-0.1915699541568756,1.0859782695770264
143.227,1.1617878675460815,-2.062558650970459,1.093608021736145,0.0013820186723023653,-0.17995665967464447,1.1003625392913818
143.237,1.1732969284057617,-2.0698835849761963,1.0920921564102173,-0.014376495033502579,-0.19139567017555237,1.0897152423858643
143.247,1.1915303468704224,-2.0687782764434814,1.0904617309570312,-0.0043189795687794685,-0.18731261789798737,1.0894486904144287
143.257,1.1896123886108398,-2.0525572299957275,1.0925384759902954,-0.0031686138827353716,-0.17229439318180084,1.1018577814102173
143.267,1.206648826599121,-2.0622763633728027,1.0912889242172241,-0.011556738056242466,-0.1725563406944275,1.1005504131317139
143.277,1.210891604423523,-2.043179988861084,1.090220332145691,-0.007639721967279911,-0.1729506105184555,1.0715006589889526
143.287,1.2185277938842773,-2.0547537803649902,1.089044213294983,0.014048400335013866,-0.19474679231643677,1.0563924312591553
143.297,1.2397093772888184,-2.067328453063965,1.089439868927002,0.024975115433335304,-0.19205310940742493,1.0702078342437744
143.307,1.241748332977295,-2.0463812351226807,1.0885009765625,0.0070420680567622185,-0.17083385586738586,1.0618267059326172
143.317,1.2547004222869873,-2.048840045928955,1.0874810218811035,0.010600424371659756,-0.18745586276054382,1.066169023513794
143.327,1.260814905166626,-2.0257840156555176,1.0865695476531982,0.00491349259391427,-0.16396693885326385,1.0686782598495483
143.337,1.2687150239944458,-2.033710241317749,1.0846749544143677,-0.00124794349540025,-0.1540759801864624,1.068682074546814
143.347,1.2740830183029175,-2.027615785598755,1.0838218927383423,0.003942518495023251,-0.17598098516464233,1.0556516647338867
143.357,1.2713576555252075,-1.998456358909607,1.0828802585601807,0.012344414368271828,-0.18268448114395142,1.0569021701812744
143.367,1.2863284349441528,-2.016364336013794,1.0819228887557983,0.014676308259367943,-0.1780119687318802,1.0624009370803833
143.377,1.2885862588882446,-1.9873946905136108,1.0809857845306396,0.0293173436075449,-0.15489719808101654,1.075393795967102
143.387,1.2813138961791992,-1.980026125907898,1.0800162553787231,0.01961555890738964,-0.17441308498382568,1.0564255714416504
143.397,1.3027429580688477,-1.9914809465408325,1.07907235622406,0.011349024251103401,-0.18930043280124664,1.0781060457229614
143.407,1.297195315361023,-1.9733082056045532,1.0783498287200928,0.019884910434484482,-0.17001700401306152,1.0849668979644775
143.417,1.296902060508728,-1.9603447914123535,1.0776824951171875,0.014503923244774342,-0.17158515751361847,1.0754557847976685
143.427,1.297165036201477,-1.9471800327301025,1.0798009634017944,0.02522362768650055,-0.17768451571464539,1.0439049005508423
143.437,1.2911933660507202,-1.9301382303237915,1.0793622732162476,0.025810720399022102,-0.18805614113807678,1.0339643955230713
143.447,1.295864224433899,-1.9016996622085571,1.078886866569519,0.024036835879087448,-0.1751096248626709,1.062472939491272
143.457,1.2919038534164429,-1.890467882156372,1.0785119533538818,0.02704407088458538,-0.1557150036096573,1.0460039377212524
143.467,1.306674838066101,-1.895789384841919,1.0796667337417603,0.02960820309817791,-0.16848653554916382,1.0655125379562378
143.477,1.3040777444839478,-1.88503098487854,1.079429268836975,0.02980039454996586,-0.8994742631912231,0.7144250273704529
143.487,1.3154116868972778,-1.909854769706726,1.0790765285491943,0.2603687047958374,-13.842352867126465,0.8171631097793579
143.497,1.2834550142288208,-1.790221929550171,1.0782510042190552,-0.012186229228973389,-5.862307071685791,0.3476806581020355
143.507,1.2353428602218628,-1.5755265951156616,1.0753146409988403,0.034641146659851074,0.026049723848700523,0.17068737745285034
143.517,1.2370328903198242,-1.4740747213363647,1.0336567163467407,0.12944559752941132,0.08610300719738007,0.5886869430541992
143.527,1.2080457210540771,-1.341170072555542,1.0251587629318237,0.10621077567338943,-0.3691790699958801,0.6638317108154297
143.537,1.2265897989273071,-1.3784211874008179,1.018711805343628,0.1603868007659912,-0.4002203643321991,0.6621218323707581
143.547,1.2345882654190063,-1.3997771739959717,1.0449953079223633,0.1992177814245224,-0.4995473325252533,0.7812687158584595
143.557,1.2274906635284424,-1.380561113357544,1.0375736951828003,0.23222845792770386,-0.5359092950820923,0.7740858197212219
143.567,1.2410078048706055,-1.372674584388733,1.0288761854171753,0.24414025247097015,-0.5895243287086487,0.8234653472900391
143.577,1.2017638683319092,-1.2164218425750732,1.0164848566055298,0.3035684823989868,-0.6887425780296326,0.8430220484733582
143.587,1.1315271854400635,-0.9665135741233826,0.9963944554328918,0.35746434330940247,-0.6985242962837219,0.8417022824287415
143.597,1.0441529750823975,-0.6123204827308655,0.9613099098205566,0.38819751143455505,-0.6967800259590149,0.9293622970581055
143.607,0.9348371028900146,-0.12787309288978577,0.9072107672691345,0.4347130060195923,-0.7410164475440979,0.9627087116241455
143.617,0.8403421640396118,0.2493433803319931,0.8315294981002808,0.45271238684654236,-0.7977117896080017,1.1179602146148682
143.627,0.776565432548523,0.4383400082588196,0.7597079277038574,0.4343922734260559,-0.7622497081756592,1.1947858333587646
143.637,0.0,0.0,0.0,0.45819056034088135,-0.9156545996665955,1.3441312313079834
143.647,-2.69289493560791,8.142459869384766,-0.45984596014022827,0.4443712532520294,-1.1395752429962158,1.344714641571045
143.657,3.0058891773223877,-5.629541397094727,-3.566410779953003,0.40098220109939575,-1.1526473760604858,1.3666077852249146
143.667,2.0870048999786377,-3.146444082260132,-4.23876953125,0.36879774928092957,-1.1803966760635376,1.3859792947769165
143.677,2.243781805038452,-3.4769673347473145,-4.58106803894043,0.3154403269290924,-1.0280829668045044,1.4904943704605103
143.687,2.199636459350586,-3.381861686706543,-4.494415760040283,0.20647819340229034,-1.0429329872131348,1.5591083765029907
143.697,1.785312533378601,-2.3359453678131104,-4.35235595703125,0.15065012872219086,-1.2615504264831543,1.3597604036331177
143.707,2.023754358291626,-2.8486695289611816,-4.895094394683838,-0.012353867292404175,-1.292177677154541,1.4121142625808716
143.717,2.302239179611206,-3.4957804679870605,-5.272340297698975,-0.1925298273563385,-1.2692724466323853,1.573701024055481
143.727,2.372786283493042,-3.639598846435547,-5.448904514312744,-0.17030878365039825,-1.1995022296905518,1.353509545326233
143.737,2.1535096168518066,-3.110933303833008,-5.564168453216553,-0.4347010552883148,-1.3509700298309326,1.6266008615493774
143.747,2.0930583477020264,-2.883657217025757,-5.644577980041504,-0.4841887354850769,-1.2826015949249268,1.5803471803665161
143.757,2.1076507568359375,-2.89285945892334,-5.687114238739014,-0.776229202747345,-1.3468164205551147,1.8457369804382324
143.767,0.0,0.0,-4.905000878352439e-06,-0.7441964745521545,-1.34910249710083,1.6165878772735596
143.777,0.0016537884948775172,0.0021906746551394463,0.00018577177252154797,-1.0620869398117065,-1.3774784803390503,1.6636955738067627
143.787,0.0019715139642357826,0.006104846019297838,-4.0379157066345215,-1.1496899127960205,-1.2574005126953125,1.6894882917404175
143.797,0.007589440792798996,0.009112540632486343,-4.587464332580566,-1.0885615348815918,-1.1641180515289307,1.3135287761688232
143.807,0.012072352692484856,0.010829971171915531,-4.989303112030029,-1.063817024230957,-1.0509288311004639,1.1778852939605713
143.817,5.621241569519043,0.023980189114809036,-4.721045017242432,-1.1416962146759033,-0.9894298315048218,1.4742374420166016
143.827,5.660168647766113,-4.78231143951416,-5.143087387084961,-1.228108286857605,-0.9638456702232361,1.7753394842147827
143.837,5.1311140060424805,-5.730289459228516,-5.620813369750977,-1.3866572380065918,-0.9919089674949646,2.013878107070923
143.847,5.099186420440674,-5.852863311767578,-5.90062952041626,-1.5619677305221558,-1.0282524824142456,2.063026189804077
143.857,5.5802226066589355,-5.742731094360352,-6.058992862701416,-1.6195284128189087,-1.0898576974868774,2.0995724201202393
143.867,5.838561534881592,-5.678896903991699,-6.131703853607178,-1.6157015562057495,-1.062391996383667,1.9791769981384277
143.877,5.625646114349365,-5.964571475982666,-5.951965808868408,-1.5776530504226685,-0.9821012020111084,1.7812561988830566
143.887,5.812310695648193,-5.917586803436279,-5.971040725708008,-1.5913543701171875,-1.1470533609390259,1.7764252424240112
143.897,5.640411376953125,-5.4583940505981445,-3.9862847328186035,-1.48293936252594,-1.0513015985488892,1.9768643379211426
143.907,5.667304992675781,-5.336718559265137,-3.966012716293335,-1.6612097024917603,-1.3234065771102905,2.4525773525238037
143.917,0.0,0.0,0.0,-1.6762582063674927,-1.635652780532837,2.4861419200897217
143.927,2.3328022956848145,-0.14341025054454803,-0.006751192733645439,-1.7622789144515991,-2.087311267852783,2.402226209640503
143.937,2.390056848526001,-0.13730332255363464,0.15395218133926392,-1.8695354461669922,-2.5117568969726562,2.2365806102752686
143.947,2.3960981369018555,-0.12731437385082245,0.142531618475914,-1.2066785097122192,-1.613796353340149,1.562091588973999
143.957,2.0050904750823975,-6.506184101104736,0.13760066032409668,-4.9362921714782715,1.5612961053848267,-7.141049385070801
143.967,2.0120725631713867,-6.5008039474487305,0.1353912353515625,-4.572357654571533,-4.61979341506958,-1.7629703283309937
143.977,2.0169663429260254,-6.497725009918213,0.13275380432605743,-0.024025116115808487,-0.6798273921012878,1.3848040103912354
143.987,2.0214643478393555,-6.492410659790039,0.12686221301555634,0.719804584980011,0.7167881727218628,-0.3022880554199219
143.997,2.0276083946228027,-6.486489295959473,0.11927107721567154,0.12280459702014923,0.13160063326358795,-0.07473160326480865
144.007,2.0306570529937744,-6.481851100921631,0.11226539313793182,-0.026181863620877266,-0.1047891303896904,0.30562934279441833
144.017,2.1965222358703613,-6.019407272338867,0.1026419848203659,-0.021280616521835327,-0.04337362200021744,0.18251648545265198
144.027,2.1992602348327637,-6.015683174133301,0.09704965353012085,0.0018488368950784206,-0.051277030259370804,0.21108682453632355
144.037,2.203374147415161,-6.010843753814697,0.09062659740447998,0.01263753417879343,-0.019272608682513237,0.29844045639038086
144.047,2.2079296112060547,-6.0050787925720215,0.08273334801197052,0.007617468014359474,-0.02047460712492466,0.33269795775413513
144.057,2.337524652481079,-5.050306797027588,0.08691554516553879,-0.004013845697045326,-0.09392700344324112,0.36809584498405457
144.067,2.471742868423462,-4.665422439575195,0.08425778895616531,-0.00620828615501523,-0.16081857681274414,0.40690183639526367
144.077,2.4759960174560547,-4.6771745681762695,0.08470700681209564,-0.012025222182273865,-0.15818272531032562,0.4650419354438782
144.087,2.5569140911102295,-4.75187873840332,0.08070632815361023,-0.023374004289507866,-0.08977870643138885,0.4753895401954651
144.097,2.5970864295959473,-4.725096225738525,0.08533628284931183,-0.02308560162782669,-0.058726124465465546,0.5363718867301941
144.107,2.6642730236053467,-4.861435413360596,0.09251579642295837,-0.005616504233330488,-0.2606353461742401,0.5060780048370361
144.117,2.7146782875061035,-4.862690448760986,0.08964511007070541,-0.052185311913490295,-0.27517884969711304,0.677416205406189
144.127,2.745912790298462,-4.973291873931885,0.08957058936357498,-0.06841148436069489,-0.15932412445545197,0.5980852842330933
144.137,2.775855302810669,-4.929044723510742,0.06739470362663269,-0.08100780099630356,-0.2829926908016205,0.6229214072227478
144.147,2.7915985584259033,-4.9819111824035645,0.03744696080684662,-0.03273444622755051,-0.3844473958015442,0.6230911016464233
144.157,2.836339235305786,-5.069546222686768,-0.0100367721170187,-0.10092131793498993,-0.32618269324302673,0.9092330932617188
144.167,2.8328020572662354,-5.057163238525391,-0.03491935506463051,-0.0781531035900116,-0.42284756898880005,0.893557071685791
144.177,2.8262267112731934,-5.079962730407715,-0.0912785530090332,-0.11354827135801315,-0.4161490499973297,0.9768563508987427
144.187,2.821465253829956,-5.075580596923828,-0.11689162999391556,-0.21615873277187347,-0.38043850660324097,0.9875363707542419
144.197,2.8893277645111084,-5.093226432800293,0.01810918003320694,-0.1933261752128601,-0.6011672019958496,1.059475064277649
144.207,2.9282844066619873,-5.098362922668457,0.010661240667104721,-0.21324634552001953,-0.7786551713943481,1.246234655380249
144.217,2.9566104412078857,-5.072962284088135,-0.01691422425210476,-0.23693832755088806,-0.7309943437576294,1.302751064300537
144.227,3.392364740371704,-5.296090126037598,0.3015182912349701,-0.21192343533039093,-0.9688897728919983,1.2057358026504517
144.237,3.4166789054870605,-5.284544944763184,0.3162209987640381,-0.2649111747741699,-0.7770293951034546,1.0755616426467896
144.247,3.4380524158477783,-5.260521411895752,0.33115532994270325,-1.3745834827423096,2.572235107421875,-2.708751678466797
144.257,3.5184924602508545,-5.433812618255615,0.3477223515510559,0.7645995616912842,3.6512198448181152,-3.5094950199127197
144.267,3.538067579269409,-5.452601909637451,0.36789360642433167,3.2808938026428223,-2.099066972732544,-5.940064430236816
144.277,3.8374738693237305,-5.613026142120361,0.7118654847145081,1.2246018648147583,-1.6321511268615723,-3.0577781200408936
144.287,3.8268978595733643,-5.586382865905762,0.7546278834342957,-0.138437882065773,-0.20380623638629913,0.08029307425022125
144.297,3.817676305770874,-5.552645206451416,0.7963646650314331,-0.14260117709636688,-0.0811920315027237,0.24665331840515137
144.307,3.802299737930298,-5.540680885314941,0.8382360935211182,-0.029127566143870354,-0.11713442206382751,0.1411600261926651
144.317,3.8718695640563965,-5.5396409034729,1.0301239490509033,-0.020100906491279602,-0.1276569366455078,0.12185577303171158
144.327,3.8706283569335938,-5.562905788421631,1.08455491065979,-0.05624386668205261,-0.15355674922466278,0.08584684133529663
144.337,3.8701987266540527,-5.596898555755615,1.139385461807251,-0.735967218875885,0.3590942919254303,-1.2174365520477295
144.347,3.860471487045288,-5.584784984588623,1.1937199831008911,-0.2568380832672119,0.21746307611465454,-0.48733270168304443
144.357,3.1986334323883057,-5.3496222496032715,0.40983128547668457,0.06304342299699783,-0.00845144409686327,0.09507172554731369
144.367,3.190469264984131,-5.362948417663574,0.3942113220691681,0.07599160075187683,-0.02978767454624176,0.08695593476295471
144.377,3.1849265098571777,-5.357220649719238,0.37752583622932434,0.06842846423387527,-0.02964315377175808,0.057397376745939255
144.387,3.2168495655059814,-5.451106548309326,0.3600151538848877,0.07494743913412094,-0.04005489870905876,0.04745783284306526
